id_client,nom,prenom,email,date_naissance,sexe,ville,telephone,date_inscription,canal_acquisition
C00868,Zizi,Omar,omar.zizi722@outlook.com,1978-05-18,h,al hoceima ,0741522381,2023-05-15,SEO
C01067,Sbai,Asmaa,asmaa.sbai321@live.ma,1996-05-13,0,nador ,0764993351,2023-11-15,Influencer
C01124,Dahbi,Laila,laila.dahbi428@gmail.com,1963-05-22,Femme,sale,0659596286,2023-08-06,Google Ads
C00440,Sbai,Meriem,meriem.sbai181_live.ma,1996-05-13,f,Settat,0775297400,2020-08-06,Facebook Ads
C00177,Zizi,Nabil,nabil.zizi779@protonmail.com,1995-05-14,1,kenitra,0649957816,2024-08-26,SEO
C02081,Zizi,Mehdi,mehdi.zizi765@outlook.com,1963-05-22,HOMME,Sale,0674767335,2023-09-16,SEO
C01211,El Amrani,Zineb,zineb.el amrani366@hotmail.com,1974-05-19,F,TIZ,0620236554,2023-02-25,Facebook Ads
C01146,Hassani,Omar,omar.hassani741@outlook.com,2026-08-02,male,KEN,0778886699,2024-04-18,SEO
C01510,Tazi,Laila,laila.tazi939@live.ma,1973-05-19,F,SLA,0756799163,2023-06-06,Google Ads
C00495,Rami,Amina,amina.rami126@outlook.com,1962-05-22,0,tiznit ,0796413557,2024-04-17,Email
C00631,Idrissi,Nadia,nadia.idrissi548@protonmail.com,2026-09-23,female,fes,0758061622,2020-11-10,Instagram
C00404,Kadiri,Nadia,nadia.kadiri211_protonmail.com,1975-05-19,FEMME,Settat,0654733393,2020-03-31,Influencer
C00314,Moussaoui,Omar,omar.moussaoui103@outlook.com,1958-05-23,h,Oujda,0631573890,2023-11-28,Email
C01919,Chakir,Mehdi,mehdi.chakir720@hotmail.com,1972-05-19,male,rabat ,0665256621,2022-07-13,TikTok
C01800,Akharraz,Salma,salma.akharraz674@gmail.com,1967-05-21,0,Marrakech,0629695117,2022-07-20,SEO
C00896,Chakir,Oumaima,oumaima.chakir30@live.ma,1999-05-13,Femme,tanger ,0621116532,2024-10-08,Email
C02231,Zizi,Abdel,abdel.zizi715@live.ma,1957-05-23,male,tiznit,0794103913,2021-12-18,Instagram
C00211,Idrissi,Sanaa,sanaa.idrissi444@inemail.ma,1881-02-09,Femme,Safi Ville,0657505459,2022-05-23,TikTok
C01149,Lahlou,Ali,ali.lahlou911@live.ma,1967-05-21,h,kenitra ,0743746338,2023-05-25,Email
C02022,Benali,Mohamed,mohamed.benali416@inemail.ma,1978-05-18,HOMME,nador,0763435899,2022-10-11,Instagram
C01364,Naciri,Meriem,meriem.naciri187@yahoo.fr,1970-05-20,FEMME,nador ,0761503459,2021-08-02,TikTok
C01023,Naciri,Hamza,hamza.naciri922@gmail.com,1970-05-20,h,Kenitra,0798380763,2021-11-21,Email
C01103,Lahlou,Zineb,zineb.lahlou872@inemail.ma,1956-05-23,female,Settat,0666234015,2022-03-22,Facebook Ads
C01263,Chakir,Ines,ines.chakir625@hotmail.com,1973-05-19,0,Rabat Ville,0783081609,2022-04-11,Instagram
C00009,Naciri,Reda,reda.naciri86@protonmail.com,1979-05-18,Homme,settat,0671028710,2021-11-01,Referral
C01962,Tazi,Reda,reda.tazi386@outlook.com,1987-05-16,M,tetouan,0718588637,2021-07-29,Referral
C01940,Fassi,Nabil,nabil.fassi570@outlook.com,1974-05-19,M,Rabat,0658038653,2020-11-14,Google Ads
C00633,Rami,Sanaa,sanaa.rami791@hotmail.com,1993-05-14,Femme,tanger,0666597298,2020-07-06,SEO
C00736,Rami,Amina,amina.rami193@live.ma,2006-05-11,f,Tanger Ville,0685663810,2023-03-13,Influencer
C00998,Dahbi,Asmaa,asmaa.dahbi654@gmail.com,1991-05-15,F,tetouan,0795934970,2025-01-26,Referral
C00864,Ouazzani,Amina,amina.ouazzani497@inemail.ma,1977-05-18,F,Oujda,0679297448,2024-11-28,TikTok
C01107,Lahbabi,Omar,omar.lahbabi32@yahoo.fr,1997-05-13,male,tanger,0770746857,2020-05-17,Facebook Ads
C00585,Ouazzani,Meriem,meriem.ouazzani330@yahoo.fr,1970-05-20,FEMME,Marrakech Medina,0691709974,2020-09-30,Influencer
C00846,Idrissi,Fatima,fatima.idrissi298@outlook.com,2007-05-11,female,agadir,0738839191,2021-10-03,Email
C01212,Moussaoui,Imane,imane.moussaoui210@hotmail.com,1961-05-22,female,tetouan,0728216197,2023-01-28,TikTok
C02015,Lahbabi,Youssef,youssef.lahbabi921@hotmail.com,1995-05-14,HOMME,MRK,0611726506,2024-09-01,Facebook Ads
C01342,Akharraz,Meriem,meriem.akharraz501@outlook.com,2006-05-11,f,fes,0770097492,2024-07-21,Facebook Ads
C01806,Rami,Ahmed,ahmed.rami124@gmail.com,1971-05-20,1,Kenitra Ville,0641844175,2020-12-03,SEO
C01381,Kadiri,Amina,amina.kadiri30@hotmail.com,1958-05-23,F,Nador Ville,0727556501,2024-11-28,Instagram
C00764,Hassani,Karim,karim.hassani192@outlook.com,1994-05-14,m,SETT,0744960996,2021-05-17,SEO
C01607,Fassi,Soukaina,soukaina.fassi81@outlook.com,1976-05-18,FEMME,safi ,0657409708,2021-05-17,TikTok
C01328,Chakir,Meryem,meryem.chakir50@protonmail.com,1999-05-13,f,rabat ,0765044235,2024-11-10,Influencer
C01500,Fassi,Mehdi,mehdi.fassi964@outlook.com,1960-05-22,HOMME,fes,0772110248,2023-06-24,Influencer
C00379,Tazi,Ahmed,ahmed.tazi985@hotmail.com,1961-05-22,M,safi ,0730395330,2024-02-21,TikTok
C01771,Bennani,Driss,driss.bennani835@hotmail.com,1959-05-23,1,Hoceima,0746504170,2021-05-12,Instagram
C01057,Lahbabi,Ali,ali@protonmailcom,1984-05-16,1,safi ,0764652792,2024-10-14,Referral
C00684,Chakir,Houda,houda.chakir701@live.ma,1987-05-16,f,kenitra,0729640030,2021-11-14,TikTok
C00069,Tazi,Ahmed,ahmed.tazi472@inemail.ma,1985-05-16,Homme,Rabat Ville,0789036966,2021-05-13,Email
C01314,Zizi,Houda,houda.zizi496@outlook.com,1972-05-19,0,KEN,0678575617,2023-06-20,Influencer
C01736,Ouazzani,Samir,samir.ouazzani989@hotmail.com,1996-05-13,m,fes,0725610085,2021-07-19,TikTok
C00656,Chakir,Soukaina,soukaina.chakir351@gmail.com,1978-05-18,f,fes,0645712753,2020-01-20,SEO
C01845,Fassi,Ahmed,ahmed.fassi207@live.ma,2026-09-03,1,Nador,0773075887,2024-09-09,SEO
C00273,Kadiri,Asmaa,asmaa.kadiri709@live.ma,1956-05-23,female,Nador,0777660514,2023-05-14,Email
C01119,Fassi,Amina,amina.fassi765@protonmail.com,1985-05-16,F,Fes,0788594257,2020-08-18,SEO
C00225,Tazi,Ahmed,ahmed.tazi76@yahoo.fr,1984-05-16,1,fes,0655358959,2025-01-13,Influencer
C00586,Idrissi,Ahmed,ahmed.idrissi917@protonmail.com,1960-05-22,m,Tetouan Ville,0682296289,2024-11-30,SEO
C00066,Naciri,Yasmin,yasmin.naciri684_yahoo.fr,1970-05-20,f,Oujda Ville,0644295247,2021-03-08,Google Ads
C00145,Moussaoui,Zineb,zineb.moussaoui854@outlook.com,1967-05-21,F,Tetouan Ville,0796126771,2024-04-12,Influencer
C00638,Tazi,Karim,karim.tazi872@protonmail.com,1883-04-24,h,RBT,0778588767,2022-07-08,TikTok
C00526,Lahbabi,Meryem,meryem.lahbabi745@protonmail.com,1997-05-13,F,TIZ,0741606345,2021-08-17,Influencer
C02050,Tazi,Mehdi,mehdi.tazi384@hotmail.com,1960-05-22,M,tiznit ,0723623588,2022-05-21,Instagram
C00012,Idrissi,Rania,rania.idrissi987@protonmail.com,1959-05-23,FEMME,Sale Ville,0651870192,2020-08-09,Email
C01266,Akharraz,Houda,houda.akharraz247@live.ma,1989-05-15,FEMME,Kenitra,0613953262,2025-01-15,Instagram
C01325,Moussaoui,Mustapha,mustapha.moussaoui661@gmail.com,1958-05-23,1,safi ,0731878126,2020-05-16,TikTok
C01875,Bennani,Ahmed,ahmed.bennani961@outlook.com,1978-05-18,1,Tetouan,0625975293,2023-09-17,Referral
C02056,Chakir,Khadija,khadija.chakir136@hotmail.com,1985-05-16,FEMME,MRK,0624790674,2023-05-26,Referral
C01984,Ouazzani,Ali,ali.ouazzani209@outlook.com,1995-05-14,M,Nador Ville,0713079083,2023-03-26,Instagram
C01014,Bennani,Karim,karim.bennani67@protonmail.com,1992-05-14,HOMME,SETT,0767825027,2024-01-01,Instagram
C01852,Ouazzani,Ghita,ghita.ouazzani480@outlook.com,1999-05-13,0,sale,0799253164,2024-03-03,Influencer
C01695,Idrissi,Khadija,khadija.idrissi799@yahoo.fr,1878-10-03,female,tanger ,0673654820,2020-02-22,TikTok
C01874,Zizi,Houda,houda.zizi299@yahoo.fr,1978-05-18,FEMME,Tetouan Ville,0666808785,2025-02-16,Email
C00242,Jabiri,Fatima,fatima.jabiri663@outlook.com,2008-05-10,FEMME,Safi,0766882385,2021-09-17,Email
C00658,Tazi,Hassan,hassan.tazi964@yahoo.fr,1984-05-16,h,Tiznit,0723445578,2024-11-23,SEO
C00347,Lahlou,Youssef,youssef.lahlou260@hotmail.com,1996-05-13,M,kenitra,0625157001,2023-09-27,TikTok
C02122,Moussaoui,Mohamed,mohamed.moussaoui23@inemail.ma,1960-05-22,male,TNG,0721282229,2022-02-11,TikTok
C00195,Moussaoui,Abdel,abdel.moussaoui89@hotmail.com,1969-05-20,1,Tnja,0626031369,2024-02-27,SEO
C00166,Chakir,Fatima,fatima.chakir523@protonmail.com,1971-05-20,f,Fes,0772151291,2022-02-05,Instagram
C00912,Chakir,Mohamed,mohamed.chakir704@hotmail.com,1978-05-18,M,Oujda Ville,0622861395,2023-12-17,Email
C01243,Rami,Nadia,nadia.rami478@protonmail.com,2001-05-12,f,Oujda Ville,0689633754,2021-02-10,Facebook Ads
C01578,Dahbi,Hassan,hassan.dahbi839@yahoo.fr,2006-05-11,1,kenitra ,0653433833,2020-09-15,Referral
C00512,Jabiri,Youssef,youssef.jabiri57@inemail.ma,1988-05-15,h,nador,0758779318,2025-01-18,Facebook Ads
C00077,Zizi,Imane,imane.zizi133@live.ma,2003-05-12,female,fes ,0727152188,2024-06-09,Facebook Ads
C01505,Jabiri,Yasmin,yasmin.jabiri2@outlook.com,1973-05-19,FEMME,tanger,0776627264,2023-01-20,Email
C00337,Moussaoui,Adil,adil.moussaoui454@protonmail.com,1975-05-19,1,HOC,0753647781,2023-09-20,Influencer
C00452,Tazi,Chaimae,chaimae.tazi766@protonmail.com,1994-05-14,female,Tetouan,0665377624,2020-07-19,TikTok
C00951,Moussaoui,Amine,amine.moussaoui780@live.ma,2002-05-12,m,marrakech ,0636363828,2021-10-15,Influencer
C01008,Rami,Yasmin,yasmin.rami332@outlook.com,2006-05-11,f,sale,0676369717,2021-07-14,TikTok
C00902,Sbai,Karim,karim.sbai723@yahoo.fr,2000-05-12,HOMME,  Tanger  ,0646614518,2024-09-06,TikTok
C02126,Chakir,Khadija,khadija.chakir309@yahoo.fr,1979-05-18,Femme,safi ,0728240842,2023-10-14,Email
C01457,Bennani,Rachid,rachid.bennani499@yahoo.fr,1962-05-22,m,Fez,0618863603,2022-12-10,Email
C01245,Akharraz,Zineb,zineb.akharraz984@live.ma,1959-05-23,FEMME,casablanca,0611432363,2024-12-31,Instagram
C01027,Sbai,Soukaina,soukaina.sbai790@protonmail.com,1975-05-19,female,OUJ,0788848869,2020-07-01,Instagram
C00328,Jabiri,Salma,salma.jabiri430@protonmail.com,1985-05-16,0,Tetouan,0687295013,2021-01-03,TikTok
C00231,Bennani,Yasmin,yasmin.bennani515@live.ma,1957-05-23,Femme,tetouan,0670269093,2020-10-28,Instagram
C01279,Dahbi,Driss,driss.dahbi560@yahoo.fr,1977-05-18,1,Rabat Ville,0667179503,2022-06-15,TikTok
C00492,Bennani,Youssef,youssef.bennani119@hotmail.com,1970-05-20,male,agadir ,0740316218,2024-09-18,Email
C00364,Akharraz,Reda,reda.akharraz58@inemail.ma,1956-05-23,m,casa blanca,0697614538,2020-09-03,SEO
C00292,Rami,Reda,reda.rami561@gmail.com,1961-05-22,m,Tetouan Ville,0796695458,2021-03-09,Instagram
C00805,Chakir,Abdel,abdel.chakir453@protonmail.com,1965-05-21,Homme,Rabat Ville,0766439314,2022-05-25,Email
C01297,Zizi,Ali,ali.zizi975@protonmail.com,1992-05-14,male,agadir,0712098146,2023-02-18,Referral
C01959,Akharraz,Salma,salma.akharraz215@hotmail.com,2008-05-10,female,Tetouan Ville,0714431462,2024-08-05,TikTok
C00649,Ouazzani,Ines,ines.ouazzani522@protonmail.com,1964-05-21,F,NAD,0743123836,2022-02-28,TikTok
C00263,Idrissi,Youssef,youssef.idrissi934@live.ma,1972-05-19,HOMME,casablanca,0792055138,2022-02-16,SEO
C01475,Zizi,Yasmin,yasmin.zizi587@yahoo.fr,1969-05-20,0,tanger,0734879238,2020-06-28,Email
C01840,Moussaoui,Oumaima,oumaima.moussaoui158@outlook.com,2001-05-12,F,tng,0665993064,2023-03-21,Facebook Ads
C00482,Kadiri,Mehdi,mehdi.kadiri188@inemail.ma,1960-05-22,male,Marrakech Medina,0746434606,2021-10-09,Referral
C02211,Moussaoui,Brahim,brahim.moussaoui808@protonmail.com,1957-05-23,M,Agadir Ville,0640935029,2020-02-13,Instagram
C00094,Bennani,Nadia,nadia.bennani314@hotmail.com,1981-05-17,0,AGD,0657319709,2022-07-04,Email
C01788,Lahbabi,Brahim,brahim.lahbabi42@outlook.com,1997-05-13,male,Marrakesh,0770203892,2021-09-27,Google Ads
C00222,Moussaoui,Laila,laila.moussaoui172@protonmail.com,2003-05-12,0,AGD,0769945655,2024-02-02,SEO
C01801,Rami,Khadija,khadija.rami695@gmail.com,1991-05-15,0,safi ,0681380018,2022-09-10,Instagram
C00632,Lahlou,Sanaa,sanaa.lahlou714@gmail.com,1957-05-23,F,Marrakesh,0662427912,2023-09-13,Google Ads
C01016,El Amrani,Samir,samir.el amrani602@gmail.com,2004-05-11,m,HOC,0636121315,2024-02-04,TikTok
C00808,Chakir,Meryem,meryem.chakir580@hotmail.com,2005-05-11,0,TIZ,0637523284,2022-11-12,Instagram
C00178,Zizi,Houda,houda.zizi450@inemail.ma,1959-05-23,Femme,tiznit,0791907952,2024-02-19,Email
C00447,Bennani,Hamza,hamza.bennani909@yahoo.fr,1957-05-23,m,Hoceima,0629204927,2020-09-16,Google Ads
C01994,Idrissi,Amine,amine.idrissi488_inemail.ma,2007-05-11,h,tetouan,0735446515,2021-02-28,Google Ads
C02162,Chakir,Sanaa,sanaa.chakir338@protonmail.com,1981-05-17,F,safi ,0781248558,2023-02-18,Influencer
C01798,Jabiri,Ines,ines.jabiri993@gmail.com,2006-05-11,FEMME,tng,0682591844,2023-05-12,Google Ads
C01843,Benali,Ahmed,ahmed.benali537@hotmail.com,1958-05-23,1,  Tanger  ,0649080194,2024-10-18,SEO
C01250,Hassani,Khadija,khadija.hassani346@hotmail.com,1992-05-14,f,Fez,0727455344,2024-10-21,Email
C00577,Benali,Abdel,abdel.benali325@hotmail.com,2001-05-12,M,Tiznit Ville,0634517408,2021-08-07,Google Ads
C01622,Ouazzani,Rachid,rachid.ouazzani58@protonmail.com,1964-05-21,m,casa,0631415919,2020-07-23,Google Ads
C00366,Naciri,Meryem,meryem.naciri228@hotmail.com,1983-05-17,FEMME,kenitra,0683571770,2022-09-01,Email
C01626,Sbai,Amine,amine.sbai442@gmail.com,2027-02-10,m,Tetouan Ville,0797617026,2022-03-28,Instagram
C00852,Chakir,Hamza,hamza.chakir784@live.ma,1978-05-18,m,TTA,0713212026,2020-03-10,Instagram
C01281,Lahlou,Chaimae,chaimae.lahlou413@protonmail.com,2001-05-12,FEMME,al hoceima ,0741668661,2022-04-04,Email
C02087,Lahbabi,Ines,ines.lahbabi173@live.ma,1985-05-16,f,tiznit,0723872173,2020-12-30,Email
C00348,Tazi,Abdel,abdel.tazi814@yahoo.fr,2026-05-28,h,TANGER,0790022258,2023-04-05,Instagram
C01502,Benali,Ali,ali.benali713@live.ma,1974-05-19,h,OUJ,0741840662,2022-05-10,TikTok
C00686,Sbai,Reda,reda.sbai623@gmail.com,1998-05-13,HOMME,KEN,0781361168,2021-01-05,Email
C00527,Naciri,Rania,rania.naciri88@gmail.com,1988-05-15,F,settat ,0766813149,2021-03-10,Google Ads
C01285,Lahlou,Meryem,meryem.lahlou889@gmail.com,2000-05-12,female,Fes Ville,0691224076,2021-11-08,TikTok
C00281,Bennani,Salma,salma.bennani753@live.ma,2006-05-11,Femme,Rabat,0688381281,2020-09-23,Google Ads
C00098,Jabiri,Yasmin,yasmin.jabiri139@inemail.ma,1997-05-13,female,marrakech,0799635939,2020-06-28,Referral
C02097,Hassani,Omar,omar.hassani337@protonmail.com,2003-05-12,HOMME,Oujda,0638963196,2020-05-16,Influencer
C01423,Zizi,Youssef,youssef.zizi55@inemail.ma,1996-05-13,HOMME,Marrakesh,0789678144,2024-07-16,Referral
C01992,Akharraz,Nadia,nadia.akharraz540@protonmail.com,1963-05-22,FEMME,Safi Ville,0624321446,2022-06-11,Referral
C01928,Sbai,Karim,karim@livema,1973-05-19,m,safi ,0627786534,2020-07-07,Influencer
C00923,Naciri,Driss,driss.naciri79@yahoo.fr,1999-05-13,HOMME,oujda,0661259494,2024-07-21,Facebook Ads
C01594,Rami,Nabil,nabil.rami492@outlook.com,1974-05-19,m,KEN,0731974909,2023-11-01,Facebook Ads
C01184,Dahbi,Rachid,rachid.dahbi209@protonmail.com,2002-05-12,h,rabat ,0620230849,2023-01-15,Instagram
C01447,Moussaoui,Rachid,rachid.moussaoui908@gmail.com,1983-05-17,male,TANGER,0647794354,2023-06-16,Referral
C00046,Fassi,Amine,amine.fassi898@yahoo.fr,1991-05-15,M,Nador Ville,0749613214,2024-08-15,Referral
C01554,Fassi,Meriem,meriem.fassi603@live.ma,1969-05-20,female,tiznit ,0678945937,2020-07-16,TikTok
C02042,Hassani,Said,said.hassani502@outlook.com,1971-05-20,HOMME,Marrakech Medina,0799517091,2025-03-03,SEO
C01374,Dahbi,Nabil,nabil.dahbi633@inemail.ma,1964-05-21,1,Sale Ville,0751824362,2023-06-20,Email
C02009,Lahbabi,Reda,reda.lahbabi865@hotmail.com,1970-05-20,male,SETT,0639616088,2024-10-14,Referral
C01537,Rami,Meryem,meryem.rami183@live.ma,1960-05-22,female,Fez,0676065990,2020-12-25,Email
C01583,Hassani,Imane,imane.hassani436@inemail.ma,1967-05-21,FEMME,Oujda,0753114614,2021-12-10,Referral
C01530,Hassani,Mustapha,mustapha.hassani596@inemail.ma,1886-03-31,male,casa blanca,0631932060,2024-01-09,Instagram
C01575,Chakir,Soukaina,soukaina.chakir365@protonmail.com,1986-05-16,FEMME,Sale Ville,0668824263,2021-06-18,Google Ads
C01488,Moussaoui,Asmaa,asmaa.moussaoui231@outlook.com,1981-05-17,0,NAD,0763297325,2020-03-12,Facebook Ads
C02043,Benali,Oumaima,oumaima.benali142@yahoo.fr,1986-05-16,F,casablanca,0650251543,2020-09-28,Referral
C00707,Lahlou,Laila,laila.lahlou309@protonmail.com,1960-05-22,f,SLA,0635730441,2020-03-30,Email
C00438,Akharraz,Hassan,hassan.akharraz528@protonmail.com,1977-05-18,HOMME,sale,0682494849,2024-01-30,TikTok
C00380,Idrissi,Imane,imane.idrissi621@live.ma,1970-05-20,f,Tanger Ville,0673968467,2022-01-05,Instagram
C01734,Sbai,Ali,ali.sbai539@protonmail.com,1889-02-16,M,Marrakech Medina,0733281964,2021-04-12,TikTok
C01101,Naciri,Hamza,hamza.naciri479@yahoo.fr,1999-05-13,Homme,TTA,0758362519,2022-10-09,Email
C02038,Lahbabi,Brahim,brahim.lahbabi850@yahoo.fr,1993-05-14,Homme,tetouan ,0773453077,2024-07-19,Referral
C01663,Naciri,Salma,salma@gmailcom,1957-05-23,f,Tnja,0729538668,2022-09-16,Instagram
C01923,Lahbabi,Meryem,meryem.lahbabi258@live.ma,1890-02-01,Femme,TNG,0613344072,2023-03-30,SEO
C00112,El Amrani,Youssef,youssef.el amrani731@yahoo.fr,1975-05-19,male,TANGER,0654018830,2022-11-21,Referral
C01925,Fassi,Yasmin,yasmin.fassi789@outlook.com,1961-05-22,F,casa blanca,0618041483,2021-06-18,TikTok
C01339,Benali,Omar,omar.benali930@hotmail.com,1972-05-19,m,SLA,0751373866,2022-01-24,Facebook Ads
C01137,Sbai,Adil,adil.sbai882@live.ma,1980-05-17,m,Tetouan Ville,0769610531,2020-06-16,Influencer
C01140,Tazi,Amina,amina.tazi281@outlook.com,1994-05-14,F,agadir ,0696634490,2020-02-19,Facebook Ads
C00947,Tazi,Mehdi,mehdi.tazi212@outlook.com,1970-05-20,h,MRK,0657848816,2023-08-24,Influencer
C01321,Hassani,Salma,salma.hassani57@yahoo.fr,1970-05-20,female,CASA,0638754429,2022-10-16,Influencer
C02062,Naciri,Imane,imane.naciri500@gmail.com,1990-05-15,0,kenitra ,0660084701,2023-06-21,TikTok
C00372,Kadiri,Reda,reda.kadiri175@gmail.com,1958-05-23,Homme,Tanger Ville,0618938604,2022-08-10,Email
C02068,Lahlou,Youssef,youssef.lahlou702@protonmail.com,1960-05-22,M,Al Hoceima,0739831718,2024-01-22,Email
C00785,Moussaoui,Oumaima,oumaima.moussaoui712@gmail.com,2026-08-25,0,Settat,0735221850,2022-08-16,Influencer
C01685,Tazi,Meryem,meryem.tazi564@gmail.com,1893-10-10,F,MRK,0776930209,2024-12-08,Email
C00980,El Amrani,Brahim,brahim.el amrani936_hotmail.com,1970-05-20,m,Al Hoceima,0656797212,2020-07-24,TikTok
C00891,Zizi,Brahim,brahim.zizi325@live.ma,1970-05-20,HOMME,Fes Ville,0729177565,2023-07-21,Email
C01071,Dahbi,Asmaa,asmaa.dahbi500@protonmail.com,2002-05-12,female,Tetouan,0728988828,2022-09-03,TikTok
C00383,Rami,Youssef,youssef.rami738@yahoo.fr,1961-05-22,Homme,al hoceima ,0679880338,2023-08-06,Facebook Ads
C00074,Lahbabi,Chaimae,chaimae.lahbabi488@live.ma,2005-05-11,Femme,Agadir Ville,0721318464,2024-09-10,Instagram
C02003,Jabiri,Said,said.jabiri634@inemail.ma,1963-05-22,HOMME,casa blanca,0724540669,2023-10-20,Email
C00848,Rami,Youssef,youssef.rami533@hotmail.com,1996-05-13,male,Oujda Ville,0742624751,2021-05-14,Referral
C00570,Zizi,Nadia,nadia.zizi42@live.ma,1985-05-16,f,SLA,0713755114,2021-08-25,Instagram
C00878,Naciri,Khadija,khadija.naciri790@outlook.com,1978-05-18,Femme,  Tanger  ,0694545602,2021-11-11,Facebook Ads
C00430,Kadiri,Karim,karim.kadiri13@yahoo.fr,1980-05-17,1,tiznit ,0623068017,2022-12-21,Referral
C00006,Lahlou,Hassan,hassan.lahlou64@outlook.com,1984-05-16,Homme,oujda ,0687267850,2023-11-25,Email
C01197,Naciri,Hamza,hamza.naciri646_inemail.ma,1963-05-22,M,al hoceima,0664748819,2024-08-10,SEO
C00696,Ouazzani,Karim,karim.ouazzani405@yahoo.fr,1981-05-17,m,Marrakesh,0668864146,2021-07-05,Influencer
C02168,Jabiri,Ali,ali.jabiri886@live.ma,1983-05-17,h,Tanger Ville,0754523868,2024-04-26,Email
C00727,Naciri,Mehdi,mehdi.naciri540@live.ma,1957-05-23,Homme,al hoceima ,0710384682,2021-04-26,TikTok
C01432,Rami,Ahmed,ahmed.rami924@inemail.ma,2006-05-11,HOMME,tanger ,0699400067,2024-02-05,Facebook Ads
C00994,Dahbi,Salma,salma.dahbi199@outlook.com,2004-05-11,FEMME,Tetouan Ville,0726572053,2020-10-14,Instagram
C02166,Sbai,Reda,reda.sbai604@protonmail.com,1992-05-14,HOMME,fes,0741320839,2020-04-07,Google Ads
C02105,Idrissi,Houda,houda@outlookcom,1978-05-18,female,Hoceima,0790523708,2023-04-09,Instagram
C01570,Naciri,Soukaina,soukaina.naciri110@hotmail.com,1971-05-20,F,Kenitra Ville,0691192063,2021-10-09,Instagram
C00572,Sbai,Chaimae,chaimae.sbai922@yahoo.fr,1978-05-18,Femme,sale ,0677748258,2020-09-28,Influencer
C02146,Idrissi,Meryem,meryem.idrissi211@inemail.ma,1994-05-14,0,marrakech ,0683515297,2023-03-17,SEO
C02002,El Amrani,Mehdi,mehdi.el amrani734@inemail.ma,1996-05-13,M,Tiznit,0656814976,2021-03-19,Influencer
C01633,Fassi,Laila,laila.fassi598@yahoo.fr,1956-05-23,FEMME,al hoceima,0660442729,2024-12-14,SEO
C00843,El Amrani,Samir,samir.el amrani671@gmail.com,1976-05-18,M,marrakech,0618162164,2020-03-26,Google Ads
C01814,Zizi,Mehdi,mehdi.zizi5@gmail.com,1965-05-21,m,Marrakech Medina,0722601623,2022-05-16,Referral
C01166,Fassi,Fatima,fatima.fassi505@gmail.com,1958-05-23,f,kenitra ,0673244486,2020-04-15,Instagram
C01222,Hassani,Oumaima,oumaima.hassani896@live.ma,1964-05-21,FEMME,safi,0685170631,2024-02-18,Influencer
C01891,Tazi,Hassan,hassan.tazi740@outlook.com,1958-05-23,HOMME,Casa ,0783729354,2025-03-10,Email
C00310,Zizi,Abdel,abdel.zizi715@live.ma,1957-05-23,male,tiznit,0667108220,2021-12-18,Instagram
C02150,El Amrani,Amina,amina.el amrani229@gmail.com,2026-12-18,0,Casablanca,0623396039,2022-12-27,SEO
C01693,Fassi,Amine,amine.fassi881@inemail.ma,1987-05-16,h,oujda,0773872605,2025-02-28,Email
C00408,Bennani,Youssef,youssef.bennani184@protonmail.com,1971-05-20,Homme,tetouan ,0751935074,2022-07-02,Referral
C01348,Akharraz,Rachid,rachid.akharraz103@yahoo.fr,1968-05-20,m,tetouan ,0616788404,2024-06-16,Influencer
C00618,Dahbi,Amina,amina.dahbi215@hotmail.com,1973-05-19,0,nador ,0651013170,2024-11-24,SEO
C01446,Chakir,Hassan,hassan.chakir755_inemail.ma,1982-05-17,1,casa,0695524438,2021-05-15,Email
C00678,Idrissi,Samir,samir.idrissi820@yahoo.fr,2000-05-12,M,tng,0714698329,2020-06-28,Facebook Ads
C00432,Idrissi,Hassan,hassan.idrissi11_protonmail.com,1982-05-17,male,Agadir Ville,0739449560,2022-07-02,Google Ads
C00398,Tazi,Hassan,hassan.tazi631@gmail.com,1996-05-13,h,Tetouan Ville,0773686372,2023-10-09,SEO
C01151,Benali,Mohamed,mohamed.benali204_inemail.ma,1968-05-20,1,agadir ,0697116877,2023-04-24,Google Ads
C01810,Bennani,Ghita,ghita.bennani17@protonmail.com,1963-05-22,F,Dar el Beida,0781053861,2023-07-12,TikTok
C01462,Dahbi,Laila,laila.dahbi481@yahoo.fr,1970-05-20,female,settat,0626016420,2023-04-07,SEO
C00123,Idrissi,Abdel,abdel.idrissi857@hotmail.com,1997-05-13,M,safi,0715028625,2025-03-11,SEO
C02112,Ouazzani,Sanaa,sanaa.ouazzani822@live.ma,2008-05-10,0,oujda,0746771459,2023-04-20,Instagram
C01747,Naciri,Samir,samir.naciri153@hotmail.com,1964-05-21,male,tanger,0754898716,2020-01-23,SEO
C00938,Tazi,Meryem,meryem.tazi251@hotmail.com,1895-09-16,FEMME,Tiznit,0779762014,2023-10-28,Influencer
C01941,Ouazzani,Ahmed,ahmed.ouazzani744@inemail.ma,1980-05-17,m,casa,0625496941,2022-02-02,TikTok
C01889,Naciri,Laila,laila.naciri753@protonmail.com,1969-05-20,F,SLA,0695813283,2024-04-01,Instagram
C01782,Fassi,Meryem,meryem.fassi240@yahoo.fr,2007-05-11,0,TANGER,0791689097,2022-05-23,Facebook Ads
C00544,Bennani,Salma,salma.bennani266@inemail.ma,2026-07-05,F,Hoceima,0698020116,2020-01-28,Influencer
C02198,Zizi,Oumaima,oumaima.zizi586@yahoo.fr,1975-05-19,f,HOC,0764012161,2021-08-03,SEO
C00252,Jabiri,Abdel,abdel.jabiri39@live.ma,1985-05-16,Homme,tetouan,0612404661,2024-03-30,SEO
C00587,Chakir,Said,said.chakir848@live.ma,1997-05-13,h,agadir ,0672101540,2020-01-18,Referral
C00818,Moussaoui,Khadija,khadija.moussaoui746@hotmail.com,1982-05-17,0,CASA,0615022195,2021-05-27,Facebook Ads
C00451,El Amrani,Meriem,meriem.el amrani54@live.ma,1884-11-18,female,Casa ,0641581408,2020-08-25,Influencer
C01419,Dahbi,Zineb,zineb.dahbi471@outlook.com,2000-05-12,F,fes,0685160586,2020-12-29,Referral
C01714,Naciri,Hamza,hamza.naciri8@inemail.ma,1986-05-16,Homme,Tetouan,0626434806,2023-08-14,Instagram
C02175,Ouazzani,Khadija,khadija.ouazzani365@inemail.ma,1959-05-23,0,sale ,0692057677,2021-09-28,Email
C02132,Tazi,Rachid,rachid.tazi982@inemail.ma,1966-05-21,HOMME,marrakech ,0627466246,2021-01-04,Email
C02208,Dahbi,Meryem,meryem.dahbi413@inemail.ma,1990-05-15,0,agadir ,0670995860,2023-10-27,TikTok
C01636,Lahlou,Abdel,abdel.lahlou776@protonmail.com,1970-05-20,M,safi ,0784625405,2021-06-06,Email
C00264,Jabiri,Karim,karim.jabiri116@hotmail.com,2004-05-11,h,safi ,0699904987,2023-12-13,Referral
C02072,Benali,Meriem,meriem.benali83@inemail.ma,1959-05-23,F,KEN,0758560924,2021-06-26,Google Ads
C00250,Naciri,Ines,ines.naciri147@yahoo.fr,1997-05-13,0,safi ,0652065724,2023-07-16,SEO
C01684,Chakir,Karim,karim.chakir387@hotmail.com,1960-05-22,m,agadir,0764261526,2022-03-05,TikTok
C00642,Moussaoui,Adil,adil.moussaoui534@yahoo.fr,1876-12-03,h,sale ,0635832275,2022-10-03,SEO
C00173,Chakir,Yasmin,yasmin.chakir711@outlook.com,1982-05-17,F,RBT,0675319770,2022-05-16,Instagram
C01899,Benali,Amine,amine.benali55@outlook.com,1997-05-13,M,tetouan,0712532270,2021-11-17,Referral
C02153,Sbai,Abdel,abdel.sbai958@live.ma,1957-05-23,m,settat,0795995513,2020-08-02,Email
C01319,Chakir,Abdel,abdel.chakir755@protonmail.com,1994-05-14,1,oujda ,0686644190,2021-05-21,Referral
C02000,Moussaoui,Said,said.moussaoui973@hotmail.com,1978-05-18,h,Kenitra,0626222974,2024-03-27,Google Ads
C00756,Dahbi,Mustapha,mustapha.dahbi719@live.ma,2002-05-12,Homme,SETT,0697191136,2020-07-31,SEO
C01376,Zizi,Brahim,brahim.zizi952@hotmail.com,2006-05-11,m,Marrakech Medina,0718303664,2020-06-09,TikTok
C00479,Jabiri,Hamza,hamza.jabiri30@gmail.com,1977-05-18,Homme,Safi,0787989327,2024-03-06,Influencer
C01683,Sbai,Nabil,nabil@protonmailcom,1981-05-17,1,kenitra,0652465525,2024-07-25,TikTok
C00132,Naciri,Amine,amine.naciri434@yahoo.fr,1974-05-19,m,casa,0714259382,2020-05-21,Google Ads
C01629,Lahbabi,Said,said.lahbabi92@outlook.com,2006-05-11,m,sale ,0637406435,2020-07-10,Email
C01777,Moussaoui,Omar,omar.moussaoui177@gmail.com,1957-05-23,1,Fes Ville,0653938941,2021-05-20,TikTok
C01979,Sbai,Amine,amine.sbai473@live.ma,1964-05-21,M,safi ,0648503642,2024-02-03,Referral
C01690,Jabiri,Rachid,rachid.jabiri493@protonmail.com,1995-05-14,Homme,Kenitra,0634925895,2021-04-12,Influencer
C00522,Hassani,Zineb,zineb.hassani267@outlook.com,1956-05-23,FEMME,Oujda,0759338378,2020-06-21,Instagram
C00871,Rami,Nadia,nadia.rami133@live.ma,1887-12-05,FEMME,SLA,0757338677,2020-07-03,Facebook Ads
C01561,Fassi,Samir,samir.fassi554@inemail.ma,1994-05-14,HOMME,Casa ,0680914604,2024-02-18,Influencer
C01635,Ouazzani,Karim,karim.ouazzani599@live.ma,1984-05-16,h,AGD,0652905265,2023-03-23,Facebook Ads
C01792,Zizi,Ahmed,ahmed.zizi760@gmail.com,1957-05-23,male,Agadir Ville,0746406358,2022-07-14,Email
C01287,Sbai,Mehdi,mehdi.sbai642@live.ma,1957-05-23,h,agadir ,0722303163,2023-09-03,Referral
C01922,Ouazzani,Amina,amina.ouazzani289@gmail.com,1974-05-19,Femme,kenitra,0619550768,2024-01-31,Email
C00441,Lahbabi,Said,said.lahbabi198@gmail.com,1971-05-20,h,rabat,0777066471,2024-06-11,Influencer
C00828,Lahlou,Amine,amine.lahlou699@protonmail.com,1973-05-19,m,sale ,0667675860,2022-02-11,Email
C00293,Moussaoui,Hamza,hamza.moussaoui199@gmail.com,1957-05-23,M,SLA,0796526748,2024-03-18,Facebook Ads
C00659,Fassi,Soukaina,soukaina.fassi890@live.ma,1964-05-21,Femme,TNG,0779110587,2022-07-14,Email
C01131,Jabiri,Houda,houda.jabiri598@inemail.ma,1972-05-19,F,Oujda Ville,0789896025,2022-05-25,Facebook Ads
C01105,Lahlou,Rania,rania.lahlou536@protonmail.com,1994-05-14,0,safi ,0640308351,2023-11-09,Influencer
C00042,Sbai,Meriem,meriem.sbai162@gmail.com,1986-05-16,FEMME,Settat Ville,0771315464,2022-05-18,Google Ads
C01231,Kadiri,Rania,rania.kadiri154@hotmail.com,2001-05-12,f,Fes Ville,0653169846,2021-07-05,Referral
C01401,Idrissi,Meriem,meriem.idrissi244@live.ma,1999-05-13,female,Kenitra,0714037747,2023-09-12,Email
C00563,Lahlou,Sanaa,sanaa.lahlou743@protonmail.com,2000-05-12,f,agadir ,0678675400,2021-03-13,Google Ads
C01813,Hassani,Mustapha,mustapha.hassani776@hotmail.com,1892-01-08,m,Tiznit,0659119994,2021-12-24,Referral
C01769,Moussaoui,Rania,rania.moussaoui565@yahoo.fr,1983-05-17,Femme,TANGER,0691878836,2020-04-30,Email
C00309,Rami,Brahim,brahim.rami899@inemail.ma,1960-05-22,M,sale,0697138408,2020-09-23,Email
C01044,Hassani,Said,said.hassani373@yahoo.fr,1983-05-17,HOMME,tetouan ,0635630898,2021-05-18,TikTok
C00755,Lahlou,Rania,rania.lahlou998@inemail.ma,1997-05-13,0,Tetouan Ville,0682848400,2023-02-06,Email
C01172,Chakir,Reda,reda.chakir460@outlook.com,2004-05-11,m,rabat,0674638823,2021-10-17,Email
C01916,Akharraz,Karim,karim.akharraz588@outlook.com,2001-05-12,male,HOC,0769327130,2021-02-06,Email
C01715,Ouazzani,Houda,houda.ouazzani901@live.ma,1959-05-23,FEMME,CASA,0617575494,2021-10-03,Facebook Ads
C00879,Idrissi,Oumaima,oumaima.idrissi608@outlook.com,1983-05-17,f,Marrakesh,0617909847,2024-01-20,Influencer
C00204,Zizi,Abdel,abdel.zizi595@gmail.com,1968-05-20,male,oujda,0668382413,2023-03-08,Instagram
C01428,Sbai,Meriem,meriem.sbai369@hotmail.com,1960-05-22,f,Marrakech Medina,0666462292,2024-11-19,SEO
C00277,Benali,Omar,omar.benali55@protonmail.com,1991-05-15,male,Tetouan,0729653285,2021-08-09,SEO
C01405,Bennani,Khadija,khadija.bennani774@gmail.com,1991-05-15,0,Sale Ville,0636170767,2024-10-19,Referral
C00244,Jabiri,Omar,omar.jabiri284@protonmail.com,1991-05-15,1,Casablanca,0735281262,2025-01-01,Instagram
C01311,Lahbabi,Ghita,ghita.lahbabi725@live.ma,2002-05-12,f,Nador,0636867851,2020-05-08,Instagram
C01099,Hassani,Khadija,khadija.hassani666@gmail.com,1981-05-17,F,nador,0616347764,2024-06-09,Google Ads
C00122,Jabiri,Brahim,brahim.jabiri775@yahoo.fr,1967-05-21,Homme,Settat,0681826922,2023-08-28,SEO
C01154,Lahlou,Ghita,ghita.lahlou957@inemail.ma,2004-05-11,0,oujda,0611483935,2025-03-03,Facebook Ads
C01315,Moussaoui,Nabil,nabil.moussaoui402@gmail.com,1997-05-13,Homme,al hoceima,0733561787,2023-08-14,Facebook Ads
C00476,Bennani,Meryem,meryem.bennani311@hotmail.com,1975-05-19,female,Rabat,0721871327,2023-04-24,SEO
C02196,Dahbi,Amina,amina.dahbi219@protonmail.com,1958-05-23,FEMME,Rabat,0712448519,2020-01-04,Influencer
C00168,Chakir,Asmaa,asmaa.chakir327@gmail.com,1957-05-23,0,oujda ,0632059232,2021-12-03,TikTok
C02138,Naciri,Hamza,hamza.naciri509@hotmail.com,2007-05-11,m,Al Hoceima,0693636667,2023-10-25,Email
C01504,El Amrani,Imane,imane.el amrani601@gmail.com,2007-05-11,f,rabat,0747955201,2022-02-13,Influencer
C01443,Naciri,Amine,amine.naciri315@live.ma,1985-05-16,h,TIZ,0771535643,2022-03-15,Email
C01656,Idrissi,Mehdi,mehdi.idrissi582@protonmail.com,1968-05-20,m,Marrakech,0697894352,2020-09-13,Google Ads
C00274,Moussaoui,Samir,samir.moussaoui987@yahoo.fr,1980-05-17,Homme,fes ,0783525272,2023-05-18,Referral
C02164,Lahbabi,Nadia,nadia.lahbabi10@yahoo.fr,1971-05-20,f,kenitra ,0687499715,2025-01-22,SEO
C02010,Kadiri,Driss,driss.kadiri367@hotmail.com,1970-05-20,1,Al Hoceima,0786522141,2022-04-05,Facebook Ads
C01111,Moussaoui,Hassan,hassan.moussaoui36@yahoo.fr,1959-05-23,HOMME,sale ,0722744478,2023-06-10,SEO
C00671,Akharraz,Nabil,nabil.akharraz332@inemail.ma,1957-05-23,HOMME,CASA,0797863486,2021-09-14,Instagram
C02197,Akharraz,Houda,houda.akharraz456@protonmail.com,1992-05-14,f,Nador Ville,0742958088,2023-04-23,Google Ads
C01915,Akharraz,Imane,imane.akharraz708@outlook.com,1894-04-17,Femme,tng,0774689395,2021-07-14,SEO
C00513,Moussaoui,Karim,karim.moussaoui753@live.ma,1975-05-19,Homme,Dar el Beida,0776632538,2024-05-06,Facebook Ads
C00286,Zizi,Driss,driss@outlookcom,1988-05-15,m,Kenitra Ville,0694145533,2020-12-08,Facebook Ads
C01563,Moussaoui,Rachid,rachid.moussaoui637@outlook.com,1980-05-17,h,nador,0657290715,2025-02-23,Email
C01435,Idrissi,Imane,imane.idrissi804@inemail.ma,1986-05-16,f,OUJ,0716814758,2020-11-19,Facebook Ads
C00429,El Amrani,Nadia,nadia.el amrani409@hotmail.com,1961-05-22,FEMME,rabat ,0762354374,2021-04-23,Influencer
C01304,Dahbi,Oumaima,oumaima.dahbi979@yahoo.fr,1971-05-20,0,tetouan,0747518966,2022-07-10,Google Ads
C01816,El Amrani,Houda,houda.el amrani992@yahoo.fr,1985-05-16,female,al hoceima ,0788319351,2021-10-17,SEO
C01681,Chakir,Sanaa,sanaa.chakir917@yahoo.fr,1984-05-16,0,tiznit ,0636524771,2020-01-20,Referral
C01335,Dahbi,Amine,amine.dahbi563@yahoo.fr,1984-05-16,1,SAFI,0644810342,2021-03-10,Facebook Ads
C01913,Fassi,Nabil,nabil.fassi482@live.ma,1969-05-20,HOMME,Fes Ville,0665738013,2023-01-23,Facebook Ads
C01308,Tazi,Zineb,zineb.tazi6@yahoo.fr,2006-05-11,FEMME,CASA,0623471350,2022-05-21,Google Ads
C00330,Kadiri,Imane,imane.kadiri805@hotmail.com,1973-05-19,Femme,KEN,0618057946,2020-07-21,TikTok
C01999,Zizi,Driss,driss@inemailma,2027-02-19,M,fes ,0726785489,2025-03-07,SEO
C00728,Lahlou,Mohamed,mohamed.lahlou944@gmail.com,1986-05-16,m,Oujda,0649553600,2024-05-13,Influencer
C01359,Lahlou,Fatima,fatima.lahlou832@gmail.com,2006-05-11,Femme,rabat,0634136369,2023-09-27,TikTok
C01013,Hassani,Sanaa,sanaa.hassani510@live.ma,1886-05-17,female,sale ,0656654498,2023-02-18,Influencer
C00052,Ouazzani,Ali,ali.ouazzani972@inemail.ma,2003-05-12,m,marrakech,0616788532,2023-05-07,Referral
C00353,Rami,Rania,rania.rami739@gmail.com,1974-05-19,female,MRK,0784016756,2023-10-31,Instagram
C01592,Hassani,Brahim,brahim.hassani956@outlook.com,1983-05-17,HOMME,al hoceima ,0638172320,2021-09-27,Email
C00188,Moussaoui,Laila,laila.moussaoui749@inemail.ma,1988-05-15,Femme,tetouan,0696110892,2022-02-22,Instagram
C00548,Hassani,Fatima,fatima.hassani207@yahoo.fr,2027-03-25,Femme,Sale,0765792417,2024-10-01,Influencer
C01886,Hassani,Amina,amina.hassani227@hotmail.com,1969-05-20,f,Tetouan Ville,0792445680,2024-11-04,Facebook Ads
C00534,Ouazzani,Driss,driss.ouazzani218@live.ma,2008-05-10,HOMME,Sale Ville,0643038691,2022-05-02,Influencer
C00524,El Amrani,Hamza,hamza.el amrani440@live.ma,2003-05-12,HOMME,Tetouan Ville,0611894470,2023-03-07,Email
C02167,Lahlou,Imane,imane.lahlou368@gmail.com,1982-05-17,Femme,marrakech ,0739670530,2024-08-06,Instagram
C01465,Fassi,Ali,ali.fassi525@inemail.ma,1985-05-16,HOMME,Dar el Beida,0750332842,2024-05-13,SEO
C02111,Moussaoui,Fatima,fatima.moussaoui827@live.ma,1981-05-17,Femme,sale ,0673125832,2023-05-15,Email
C02130,Zizi,Said,said.zizi612@hotmail.com,1989-05-15,Homme,Casablanca,0697475155,2022-08-22,TikTok
C00581,Fassi,Oumaima,oumaima.fassi417@hotmail.com,1968-05-20,F,Fes Ville,0782536595,2020-10-18,Instagram
C00881,Tazi,Khadija,khadija.tazi527@live.ma,1962-05-22,0,oujda ,0660423728,2023-12-03,Instagram
C01722,Zizi,Imane,imane.zizi881@outlook.com,2003-05-12,female,HOC,0794326656,2024-08-03,Referral
C00124,Rami,Reda,reda.rami292@hotmail.com,1974-05-19,1,Casablanca,0746619573,2020-10-01,TikTok
C01883,Lahbabi,Adil,adil.lahbabi832@outlook.com,1968-05-20,1,nador,0735120806,2020-03-01,Facebook Ads
C00134,Lahlou,Salma,salma.lahlou131@protonmail.com,2008-05-10,f,Tetouan Ville,0781394920,2022-08-06,Email
C00434,Idrissi,Reda,reda.idrissi713@outlook.com,1979-05-18,Homme,safi,0767308741,2022-07-17,Referral
C01652,Jabiri,Mehdi,mehdi.jabiri927@outlook.com,1958-05-23,male,Fez,0751818625,2021-01-29,Instagram
C01317,Rami,Chaimae,chaimae.rami422@outlook.com,1962-05-22,female,Marrakech Medina,0695947330,2024-10-14,Google Ads
C00507,Zizi,Amine,amine.zizi668@inemail.ma,1957-05-23,Homme,nador,0665608317,2021-10-03,Email
C01604,Benali,Ali,ali.benali125@live.ma,1971-05-20,h,al hoceima,0686974571,2024-10-22,Influencer
C00809,Fassi,Brahim,brahim.fassi656@inemail.ma,1968-05-20,male,Marrakech Medina,0793706754,2020-01-14,TikTok
C01262,Moussaoui,Samir,samir.moussaoui930@yahoo.fr,1975-05-19,male,Agadir Ville,0648211978,2024-03-30,SEO
C00319,Lahbabi,Meryem,meryem.lahbabi589@gmail.com,1982-05-17,F,oujda ,0755629449,2022-10-27,Facebook Ads
C01176,Rami,Ghita,ghita.rami930@outlook.com,2026-11-07,F,OUJ,0792527384,2023-12-27,Referral
C02225,El Amrani,Meryem,meryem.el amrani395@inemail.ma,1956-05-23,f,Kenitra,0655997104,2021-02-12,Referral
C01352,Dahbi,Omar,omar.dahbi570@protonmail.com,1982-05-17,h,Tetouan Ville,0675089615,2020-10-31,Google Ads
C02060,Chakir,Driss,driss.chakir145@protonmail.com,1961-05-22,M,tiznit ,0631036065,2021-04-13,Facebook Ads
C00650,Zizi,Sanaa,sanaa.zizi715@protonmail.com,1992-05-14,Femme,settat,0743207452,2020-10-28,Instagram
C01790,Bennani,Hassan,hassan.bennani74@inemail.ma,2006-05-11,Homme,Nador Ville,0722056566,2024-10-13,Influencer
C00287,Dahbi,Amina,amina.dahbi211@live.ma,1961-05-22,F,tiznit,0613188066,2020-05-27,Influencer
C01569,Lahbabi,Ghita,ghita.lahbabi822@live.ma,2001-05-12,f,Nador Ville,0779657329,2024-09-14,Referral
C01048,Moussaoui,Meriem,meriem.moussaoui781@hotmail.com,1960-05-22,0,Tiznit,0623027791,2024-11-28,Facebook Ads
C00254,Rami,Ghita,ghita.rami445@protonmail.com,1987-05-16,Femme,KEN,0632130289,2024-03-16,Email
C00260,Hassani,Adil,adil.hassani476@gmail.com,1997-05-13,h,Fez,0767176108,2022-01-07,Facebook Ads
C02070,Idrissi,Brahim,brahim.idrissi24@yahoo.fr,1992-05-14,Homme,tanger,0711185811,2020-04-13,Influencer
C00080,Idrissi,Hamza,hamza.idrissi829@outlook.com,2006-05-11,M,Tiznit Ville,0791952730,2021-05-01,Google Ads
C01774,Idrissi,Asmaa,asmaa.idrissi975@yahoo.fr,1975-05-19,female,rabat,0611487083,2022-04-21,Email
C01827,Hassani,Brahim,brahim.hassani224@outlook.com,1982-05-17,M,oujda ,0763929902,2020-03-10,Google Ads
C00670,Benali,Hamza,hamza.benali346@hotmail.com,1986-05-16,1,kenitra ,0747898265,2022-12-17,TikTok
C01719,Benali,Imane,imane.benali436@gmail.com,2027-03-06,f,Safi Ville,0752332948,2020-11-20,Instagram
C01260,Chakir,Amine,amine.chakir302@inemail.ma,1981-05-17,M,Rabat,0793512668,2020-04-22,SEO
C01429,Lahlou,Rachid,rachid.lahlou764@hotmail.com,1971-05-20,Homme,tetouan,0782738226,2021-05-29,TikTok
C00054,Fassi,Karim,karim.fassi818@outlook.com,2007-05-11,1,KEN,0689034501,2024-06-02,Referral
C01968,Jabiri,Ali,ali.jabiri210@yahoo.fr,1999-05-13,m,settat ,0788621217,2023-01-09,Instagram
C01956,Rami,Zineb,zineb.rami186@outlook.com,1988-05-15,female,Fez,0740381501,2020-10-12,SEO
C00332,Lahbabi,Samir,samir.lahbabi666@protonmail.com,1959-05-23,h,Sale Ville,0769985944,2022-11-11,Facebook Ads
C01455,Jabiri,Reda,reda.jabiri823@live.ma,1989-05-15,male,Safi,0632564866,2022-11-18,Influencer
C01318,Lahlou,Oumaima,oumaima.lahlou919@outlook.com,1985-05-16,F,Rabat,0652977013,2023-03-28,Google Ads
C00746,Hassani,Nabil,nabil.hassani185@protonmail.com,1983-05-17,h,casa,0652585253,2021-11-04,Referral
C00759,Moussaoui,Mohamed,mohamed.moussaoui275@protonmail.com,1958-05-23,m,KEN,0714385512,2020-01-09,SEO
C01164,Dahbi,Karim,karim.dahbi342@yahoo.fr,1993-05-14,Homme,oujda,0788976828,2025-03-15,TikTok
C01387,Bennani,Abdel,abdel.bennani942@outlook.com,1975-05-19,h,rabat,0755922639,2024-12-16,TikTok
C01278,Kadiri,Brahim,brahim.kadiri77@gmail.com,1968-05-20,HOMME,Rabat,0623735568,2024-08-07,TikTok
C00179,Fassi,Samir,samir.fassi834@outlook.com,1972-05-19,M,Nador,0653440052,2023-01-08,Google Ads
C00207,Chakir,Houda,houda.chakir827@protonmail.com,1963-05-22,Femme,CASA,0729907683,2024-09-07,Facebook Ads
C00786,Lahbabi,Zineb,zineb.lahbabi780@live.ma,1988-05-15,f,Tiznit Ville,0677714375,2022-07-18,Facebook Ads
C01042,Zizi,Oumaima,oumaima.zizi294@protonmail.com,1984-05-16,Femme,Marrakech,0667946703,2022-01-23,Google Ads
C00093,Jabiri,Brahim,brahim.jabiri274@inemail.ma,1981-05-17,M,Agadir Ville,0683212334,2024-08-11,Google Ads
C00499,Tazi,Said,said.tazi454_hotmail.com,1966-05-21,Homme,tiznit ,0675965276,2023-12-17,Email
C00300,Kadiri,Mohamed,mohamed.kadiri869@inemail.ma,1965-05-21,Homme,Tnja,0634044459,2022-07-02,Instagram
C01090,Tazi,Amina,amina.tazi403@gmail.com,1882-11-25,0,SAFI,0737459613,2023-08-27,Instagram
C01453,Lahlou,Oumaima,oumaima.lahlou603@yahoo.fr,1979-05-18,0,Casa ,0661233557,2023-12-12,SEO
C00679,Sbai,Ghita,ghita.sbai176@hotmail.com,1889-09-09,f,Agadir Ville,0798470632,2020-04-04,Influencer
C00792,Ouazzani,Khadija,khadija.ouazzani176@inemail.ma,1968-05-20,f,Oujda,0622649023,2024-02-11,Instagram
C00905,Lahlou,Driss,driss.lahlou93@live.ma,1992-05-14,HOMME,TIZ,0679394567,2025-03-03,Instagram
C01934,Zizi,Driss,driss.zizi620@yahoo.fr,1970-05-20,male,tetouan ,0689302151,2022-01-26,Referral
C00646,Sbai,Mehdi,mehdi.sbai157@live.ma,1992-05-14,Homme,Sale Ville,0785449435,2021-08-03,Influencer
C02014,Benali,Ali,ali.benali604@gmail.com,1987-05-16,h,agadir,0663773579,2022-10-11,TikTok
C00713,Ouazzani,Nabil,nabil.ouazzani419@live.ma,2026-11-05,HOMME,Al Hoceima,0733721002,2021-03-25,Google Ads
C02030,Idrissi,Samir,samir.idrissi609@protonmail.com,1975-05-19,HOMME,Fez,0756919936,2024-12-25,Influencer
C00775,Tazi,Ahmed,ahmed.tazi582@inemail.ma,1994-05-14,HOMME,Marrakesh,0680767956,2023-05-17,TikTok
C01839,Rami,Chaimae,chaimae.rami401@gmail.com,1988-05-15,Femme,KEN,0786150979,2023-06-30,Email
C00349,Moussaoui,Laila,laila.moussaoui94@protonmail.com,1960-05-22,0,rabat ,0681988124,2023-08-13,Facebook Ads
C01498,Tazi,Zineb,zineb.tazi18@live.ma,2003-05-12,female,TTA,0770513308,2021-03-09,Influencer
C01270,Fassi,Abdel,abdel.fassi226@protonmail.com,2007-05-11,h,tanger ,0762443962,2023-05-11,Instagram
C00941,Zizi,Hamza,hamza.zizi146@outlook.com,1995-05-14,HOMME,TTA,0671504202,2023-11-21,Influencer
C00778,Benali,Chaimae,chaimae.benali660@inemail.ma,2008-05-10,F,fes,0714967155,2024-09-19,SEO
C00083,Idrissi,Mehdi,mehdi.idrissi928@live.ma,1981-05-17,1,fes ,0756920514,2024-07-30,SEO
C00192,Rami,Asmaa,asmaa.rami911@gmail.com,1988-05-15,F,Dar el Beida,0759044830,2023-03-10,Instagram
C00176,Moussaoui,Rachid,rachid.moussaoui173@inemail.ma,1961-05-22,m,KEN,0686868379,2022-11-12,Facebook Ads
C01343,Benali,Reda,reda.benali998@yahoo.fr,1979-05-18,M,tiznit,0723645439,2022-04-16,TikTok
C00209,Chakir,Meriem,meriem.chakir125@gmail.com,1959-05-23,f,Nador,0759961172,2024-08-13,Facebook Ads
C01291,Moussaoui,Hamza,hamza.moussaoui713@yahoo.fr,1966-05-21,Homme,agadir,0793153138,2022-03-10,Referral
C02195,Sbai,Meryem,meryem.sbai371@live.ma,1982-05-17,Femme,tiznit ,0794298106,2025-01-12,Facebook Ads
C00877,Dahbi,Khadija,khadija.dahbi495@yahoo.fr,1974-05-19,f,KEN,0760028002,2022-10-14,Facebook Ads
C00156,Akharraz,Karim,karim.akharraz758@hotmail.com,2002-05-12,1,Al Hoceima,0746207439,2022-06-29,Facebook Ads
C01958,Fassi,Samir,samir.fassi28@yahoo.fr,1979-05-18,M,Tiznit,0658208672,2025-01-27,TikTok
C02080,Lahlou,Nabil,nabil.lahlou4@gmail.com,1994-05-14,Homme,Nador,0663897082,2023-08-05,TikTok
C01418,Fassi,Ghita,ghita.fassi130@inemail.ma,1977-05-18,FEMME,TANGER,0618505287,2020-02-06,Email
C00120,Jabiri,Rachid,rachid.jabiri848@live.ma,1973-05-19,h,Marrakech,0642542167,2023-06-14,SEO
C00596,Bennani,Nadia,nadia.bennani387@yahoo.fr,1964-05-21,female,tanger,0717353632,2025-02-25,Google Ads
C02031,Benali,Adil,adil.benali604_outlook.com,2027-04-01,m,Nador,0793961787,2022-11-04,SEO
C00502,Benali,Chaimae,chaimae.benali390@gmail.com,1986-05-16,FEMME,NAD,0641490443,2021-05-15,Google Ads
C00811,Akharraz,Yasmin,yasmin.akharraz840@outlook.com,1974-05-19,f,Oujda,0668029531,2022-06-18,Instagram
C01900,Sbai,Hamza,hamza.sbai99@yahoo.fr,2007-05-11,M,al hoceima,0720118388,2020-07-30,Google Ads
C00772,Tazi,Houda,houda.tazi622@hotmail.com,1972-05-19,female,sale,0670317901,2024-08-05,Instagram
C01355,Hassani,Driss,driss.hassani865@outlook.com,1982-05-17,m,Tiznit Ville,0694667848,2023-09-24,Google Ads
C00183,Hassani,Laila,laila.hassani871@gmail.com,1983-05-17,FEMME,SETT,0746042404,2021-03-09,Referral
C01890,Akharraz,Meriem,meriem.akharraz832@gmail.com,1877-03-07,Femme,TIZ,0710332878,2024-06-11,Instagram
C01239,Zizi,Khadija,khadija.zizi700@outlook.com,1894-07-14,FEMME,Agadir Ville,0751302750,2022-08-20,Email
C02007,Jabiri,Yasmin,yasmin.jabiri432@gmail.com,1987-05-16,0,Settat,0654124481,2020-08-22,SEO
C00625,Rami,Soukaina,soukaina.rami539@yahoo.fr,1977-05-18,f,Nador,0648642865,2024-02-18,Influencer
C00883,Sbai,Ahmed,ahmed.sbai302@protonmail.com,1965-05-21,Homme,casablanca,0785673348,2024-12-26,Instagram
C00048,Lahlou,Rachid,rachid.lahlou378@protonmail.com,1992-05-14,m,casablanca,0641383044,2022-01-30,Influencer
C00600,Hassani,Meryem,meryem.hassani141_inemail.ma,1971-05-20,Femme,Rabat,0751766978,2024-03-24,Instagram
C00725,Naciri,Nadia,nadia.naciri149@gmail.com,2000-05-12,f,TTA,0766885777,2021-10-15,Influencer
C01065,Sbai,Rachid,rachid.sbai67@gmail.com,1986-05-16,h,Nador,0720730923,2024-03-27,Influencer
C01785,Jabiri,Zineb,zineb.jabiri870_inemail.ma,1989-05-15,female,RBT,0740271240,2020-11-30,Facebook Ads
C02151,Zizi,Ines,ines.zizi311@protonmail.com,1988-05-15,female,Sale Ville,0741860721,2023-12-20,Google Ads
C01282,Benali,Karim,karim.benali386@live.ma,1966-05-21,male,agadir,0754008731,2023-07-12,Instagram
C00691,Benali,Amina,amina.benali720@live.ma,1993-05-14,female,al hoceima ,0691520297,2025-02-28,Influencer
C01873,Naciri,Youssef,youssef.naciri900@inemail.ma,1980-05-17,HOMME,settat ,0695739567,2020-10-18,Google Ads
C02033,Benali,Oumaima,oumaima@protonmailcom,1893-05-19,f,Tetouan,0733187599,2024-07-21,Email
C02178,Lahbabi,Oumaima,oumaima.lahbabi172@hotmail.com,1973-05-19,FEMME,Fes Ville,0768504692,2024-04-18,SEO
C01310,Sbai,Said,said.sbai154_protonmail.com,1976-05-18,h,settat ,0748643064,2025-02-25,TikTok
C01525,Rami,Nabil,nabil.rami401@yahoo.fr,1960-05-22,M,fes ,0636705345,2025-03-03,TikTok
C01410,Lahlou,Abdel,abdel.lahlou568@outlook.com,1962-05-22,Homme,MRK,0791461201,2020-11-22,Influencer
C01460,El Amrani,Amine,amine.el amrani516@gmail.com,2005-05-11,HOMME,Safi,0656229195,2020-01-06,TikTok
C01463,Lahlou,Adil,adil.lahlou69@live.ma,1998-05-13,1,TIZ,0625906873,2024-11-13,Email
C00053,Naciri,Imane,imane.naciri850@inemail.ma,1971-05-20,F,marrakech,0689991301,2021-11-03,SEO
C01289,Rami,Laila,laila.rami643@protonmail.com,1977-05-18,FEMME,Casa ,0693703711,2023-01-14,Email
C01791,Idrissi,Adil,adil.idrissi608@yahoo.fr,1986-05-16,HOMME,Tiznit Ville,0684939715,2020-03-16,Referral
C00780,El Amrani,Meryem,meryem.el amrani714@hotmail.com,1967-05-21,Femme,TTA,0613930993,2022-02-04,TikTok
C01517,Naciri,Rachid,rachid.naciri391@gmail.com,1969-05-20,1,TTA,0657750842,2020-02-26,Facebook Ads
C01058,Ouazzani,Mohamed,mohamed.ouazzani501@yahoo.fr,1980-05-17,M,Kenitra,0778288809,2023-09-26,Facebook Ads
C00797,Kadiri,Houda,houda.kadiri152@hotmail.com,1966-05-21,f,al hoceima,0687522039,2020-03-04,Email
C00862,Tazi,Mehdi,mehdi.tazi344@yahoo.fr,1961-05-22,HOMME,Rabat Ville,0715148168,2023-12-18,Email
C01857,Kadiri,Laila,laila.kadiri480@live.ma,1990-05-15,0,safi,0755618691,2024-08-13,Google Ads
C02011,Moussaoui,Ali,ali.moussaoui947@hotmail.com,1984-05-16,1,Safi Ville,0613079725,2021-05-06,TikTok
C00824,Sbai,Salma,salma.sbai590@outlook.com,1969-05-20,f,Dar el Beida,0688218402,2020-04-26,Influencer
C00695,Idrissi,Mohamed,mohamed.idrissi10@gmail.com,1996-05-13,m,TTA,0726621878,2020-11-10,Influencer
C01082,Tazi,Sanaa,sanaa.tazi378@outlook.com,1962-05-22,f,kenitra ,0763088171,2022-06-08,Instagram
C01699,Chakir,Nadia,nadia.chakir856@hotmail.com,1967-05-21,Femme,nador,0724308677,2020-09-04,Email
C02104,El Amrani,Meryem,meryem.el amrani395@inemail.ma,1956-05-23,f,Kenitra,0761449796,2021-02-12,Referral
C00712,Ouazzani,Karim,karim.ouazzani658@outlook.com,2026-10-31,1,tiznit,0753561957,2023-07-19,Facebook Ads
C01949,Zizi,Mustapha,mustapha.zizi533@live.ma,1894-12-08,HOMME,Safi,0662144567,2024-01-30,Referral
C01347,Akharraz,Abdel,abdel.akharraz81@yahoo.fr,1975-05-19,1,Tetouan,0712547533,2024-10-14,SEO
C00555,El Amrani,Rania,rania.el amrani274@outlook.com,1976-05-18,0,Nador Ville,0771355706,2020-04-13,Facebook Ads
C00928,Tazi,Samir,samir.tazi488_live.ma,1986-05-16,h,kenitra ,0738271272,2024-10-15,Instagram
C00386,Chakir,Ghita,ghita.chakir961@protonmail.com,1983-05-17,f,Rabat Ville,0789230801,2021-01-01,TikTok
C02143,Bennani,Amina,amina.bennani79@live.ma,2008-05-10,f,MRK,0766157785,2021-02-04,Referral
C01960,Naciri,Khadija,khadija.naciri47@yahoo.fr,1956-05-23,f,Rabat Ville,0722780167,2020-04-02,SEO
C02119,Dahbi,Nabil,nabil.dahbi852@protonmail.com,1998-05-13,M,casablanca,0714468446,2020-09-11,Instagram
C01028,El Amrani,Hassan,hassan.el amrani49@yahoo.fr,1986-05-16,h,kenitra,0778232914,2024-08-17,Instagram
C01275,Moussaoui,Ines,ines.moussaoui686@yahoo.fr,1977-05-18,F,Tiznit Ville,0635553337,2022-02-09,TikTok
C02174,Idrissi,Ali,ali.idrissi331@inemail.ma,1961-05-22,male,tetouan ,0766962109,2023-06-21,Google Ads
C01679,Idrissi,Soukaina,soukaina@livema,1966-05-21,F,rabat,0744840452,2024-09-30,Email
C02039,Benali,Brahim,brahim.benali923@live.ma,1998-05-13,male,Safi Ville,0698165909,2024-04-28,Google Ads
C01078,Rami,Rania,rania.rami150@inemail.ma,1988-05-15,0,Oujda Ville,0696683389,2024-12-13,TikTok
C01032,Dahbi,Ahmed,ahmed.dahbi387@yahoo.fr,1996-05-13,Homme,tiznit ,0694092385,2023-05-14,Email
C00127,Tazi,Houda,houda@protonmailcom,1993-05-14,Femme,Fes Ville,0664414096,2021-09-20,Google Ads
C01907,Akharraz,Rania,rania.akharraz343@protonmail.com,1984-05-16,F,tiznit,0785527073,2024-07-25,Facebook Ads
C01982,Jabiri,Ali,ali.jabiri13@hotmail.com,1968-05-20,HOMME,tetouan ,0736905453,2024-11-02,SEO
C02067,Akharraz,Houda,houda.akharraz559@yahoo.fr,2008-05-10,F,TNG,0658541458,2023-01-25,TikTok
C00924,Dahbi,Yasmin,yasmin.dahbi189@protonmail.com,1967-05-21,0,tetouan,0725626356,2025-02-11,TikTok
C00997,Dahbi,Meriem,meriem.dahbi898@protonmail.com,1958-05-23,f,Sale,0621888060,2022-12-06,Referral
C01947,Rami,Khadija,khadija.rami257@outlook.com,2026-10-23,f,al hoceima ,0756235405,2023-02-05,Influencer
C00130,Kadiri,Nabil,nabil.kadiri550@outlook.com,1975-05-19,m,marrakech ,0722205980,2024-01-08,Influencer
C00261,Benali,Sanaa,sanaa.benali680@protonmail.com,1986-05-16,f,Tiznit,0660012498,2021-07-03,Referral
C01548,Bennani,Hamza,hamza.bennani182@inemail.ma,1997-05-13,HOMME,tiznit,0659994691,2021-08-29,Instagram
C01948,Naciri,Rania,rania@outlookcom,2026-12-07,FEMME,SLA,0786026118,2023-05-19,SEO
C00675,Akharraz,Meriem,meriem.akharraz377@gmail.com,2003-05-12,FEMME,fes ,0613090599,2025-02-03,Influencer
C00418,Benali,Yasmin,yasmin.benali720@live.ma,1988-05-15,f,Marrakesh,0698917575,2022-06-10,Instagram
C00957,Lahbabi,Salma,salma.lahbabi805@outlook.com,1969-05-20,0,nador ,0797710027,2022-11-23,Email
C01660,Zizi,Adil,adil.zizi86@hotmail.com,1974-05-19,1,kenitra ,0626940639,2024-03-30,Influencer
C00326,Fassi,Chaimae,chaimae.fassi490_live.ma,1965-05-21,FEMME,  Tanger  ,0752365995,2020-09-03,SEO
C00766,Bennani,Mehdi,mehdi.bennani935@inemail.ma,2002-05-12,M,OUJ,0793977718,2020-05-30,Facebook Ads
C00194,Lahlou,Oumaima,oumaima.lahlou285@gmail.com,1976-05-18,f,Sale,0762443094,2020-11-14,Facebook Ads
C00612,Moussaoui,Meriem,meriem.moussaoui314@hotmail.com,1972-05-19,F,Tetouan,0628029509,2021-06-05,Facebook Ads
C01737,Hassani,Salma,salma.hassani536@yahoo.fr,1982-05-17,Femme,oujda ,0643689704,2022-05-14,Google Ads
C01642,Benali,Amina,amina.benali19@live.ma,1993-05-14,F,tanger,0742114637,2022-04-05,Facebook Ads
C01943,Zizi,Omar,omar.zizi42@live.ma,1975-05-19,1,Oujda Ville,0619769429,2023-01-11,SEO
C00949,Lahlou,Nabil,nabil.lahlou894@gmail.com,2005-05-11,1,Tiznit Ville,0734519519,2021-05-16,TikTok
C01336,Benali,Karim,karim.benali953@gmail.com,1985-05-16,HOMME,rabat ,0747303237,2023-02-15,SEO
C00933,Lahlou,Nabil,nabil.lahlou880@hotmail.com,1979-05-18,male,Tetouan,0663694387,2020-11-17,Google Ads
C01076,Benali,Asmaa,asmaa.benali902@gmail.com,1999-05-13,female,Agadir Ville,0790879572,2022-10-02,Google Ads
C01509,Naciri,Mohamed,mohamed.naciri184@yahoo.fr,1998-05-13,HOMME,oujda,0667252780,2023-10-13,Google Ads
C00615,Bennani,Nadia,nadia.bennani560@outlook.com,1965-05-21,f,agadir,0735587594,2024-07-28,Instagram
C01862,Zizi,Mehdi,mehdi.zizi329@hotmail.com,1973-05-19,male,sale,0732501369,2023-05-31,Email
C00032,Zizi,Ghita,ghita.zizi641@hotmail.com,1995-05-14,F,sale ,0775056916,2021-08-12,Facebook Ads
C02173,Kadiri,Salma,salma.kadiri501@yahoo.fr,1979-05-18,female,Hoceima,0695377710,2023-11-05,Google Ads
C02216,Hassani,Adil,adil.hassani91@outlook.com,1983-05-17,HOMME,tetouan ,0792474982,2020-02-20,Instagram
C01116,Benali,Ines,ines.benali920@protonmail.com,1974-05-19,0,Hoceima,0784797064,2021-07-25,Email
C02077,Bennani,Ali,ali.bennani807@hotmail.com,1997-05-13,h,Fez,0649843453,2021-03-23,Facebook Ads
C01331,Dahbi,Amina,amina.dahbi214_live.ma,1967-05-21,female,TTA,0630083236,2024-05-09,Google Ads
C00573,Hassani,Meriem,meriem.hassani92@inemail.ma,1969-05-20,FEMME,RBT,0782611046,2022-03-20,SEO
C00116,Dahbi,Karim,karim.dahbi421@live.ma,1978-05-18,Homme,Al Hoceima,0679616482,2020-05-07,TikTok
C00853,Kadiri,Imane,imane.kadiri941@hotmail.com,1986-05-16,f,Tiznit Ville,0725975888,2021-05-09,Referral
C00719,Chakir,Fatima,fatima.chakir874@protonmail.com,2000-05-12,FEMME,KEN,0651256515,2022-06-28,Referral
C01350,Tazi,Fatima,fatima.tazi725@gmail.com,1997-05-13,female,Marrakech Medina,0689140910,2022-10-24,Google Ads
C01851,Benali,Abdel,abdel.benali257@yahoo.fr,1957-05-23,M,Rabat Ville,0781195280,2020-07-03,Instagram
C00829,Chakir,Karim,karim.chakir919@live.ma,1985-05-16,male,oujda,0641966664,2025-02-23,TikTok
C01524,Ouazzani,Meriem,meriem.ouazzani310@outlook.com,2005-05-11,f,marrakech,0716299062,2024-06-08,Instagram
C01241,Fassi,Hassan,hassan.fassi852@protonmail.com,1964-05-21,1,Oujda Ville,0649107858,2023-08-01,TikTok
C01121,Bennani,Nabil,nabil.bennani879@live.ma,1960-05-22,male,Rabat,0643160881,2020-05-28,Email
C01804,Bennani,Ali,ali.bennani309@gmail.com,1977-05-18,HOMME,Hoceima,0662111591,2020-01-13,Email
C00823,Sbai,Driss,driss.sbai511@outlook.com,1974-05-19,M,casa,0762402145,2021-08-16,Referral
C00090,Tazi,Oumaima,oumaima.tazi851@inemail.ma,1964-05-21,0,Tiznit,0671428713,2020-10-03,SEO
C01192,Sbai,Sanaa,sanaa.sbai713@yahoo.fr,1999-05-13,f,Settat,0720081316,2020-06-01,Influencer
C00407,Sbai,Karim,karim.sbai176@gmail.com,1987-05-16,1,Sale,0716772091,2020-02-29,Facebook Ads
C02065,Ouazzani,Sanaa,sanaa.ouazzani280@hotmail.com,1979-05-18,F,Tnja,0642224818,2020-05-20,Email
C00357,Sbai,Mehdi,mehdi.sbai984@live.ma,1962-05-22,HOMME,CASA,0686507818,2021-01-30,Instagram
C02220,Naciri,Ahmed,ahmed.naciri673@gmail.com,1991-05-15,M,safi,0636308984,2021-02-19,Google Ads
C01767,Ouazzani,Rachid,rachid.ouazzani334@inemail.ma,1968-05-20,h,Fes,0710787815,2021-11-15,Facebook Ads
C01917,Ouazzani,Hassan,hassan.ouazzani767@live.ma,1968-05-20,M,Tiznit,0764419851,2021-08-30,TikTok
C01848,Bennani,Ines,ines.bennani488@live.ma,1956-05-23,female,Tiznit Ville,0755182432,2020-10-03,Instagram
C00591,Moussaoui,Reda,reda.moussaoui747@inemail.ma,1880-11-21,1,Safi Ville,0785177493,2023-10-20,Influencer
C00437,Bennani,Mehdi,mehdi.bennani796_hotmail.com,1967-05-21,m,SLA,0745760499,2023-09-23,Instagram
C02163,Zizi,Ali,ali.zizi639@inemail.ma,1995-05-14,HOMME,Tetouan Ville,0628529036,2022-05-03,SEO
C00739,Bennani,Said,said.bennani976@protonmail.com,1995-05-14,M,safi,0677326285,2024-04-23,Referral
C01902,El Amrani,Youssef,youssef.el amrani890@live.ma,1966-05-21,1,Agadir,0622831991,2020-10-13,SEO
C01842,Akharraz,Driss,driss.akharraz770@inemail.ma,1977-05-18,h,AGD,0773117267,2020-12-18,Email
C01802,Bennani,Amine,amine.bennani297@hotmail.com,1956-05-23,h,oujda,0766535801,2021-05-14,Influencer
C00667,Benali,Soukaina,soukaina.benali324@outlook.com,1990-05-15,f,kenitra ,0690727321,2022-07-22,Google Ads
C01427,Bennani,Oumaima,oumaima.bennani793_gmail.com,1999-05-13,FEMME,Marrakech Medina,0739766678,2023-06-04,Instagram
C00415,Bennani,Youssef,youssef.bennani909@live.ma,1968-05-20,h,Marrakech,0670797197,2023-09-15,Google Ads
C01639,Kadiri,Reda,reda.kadiri403@live.ma,1968-05-20,Homme,Safi,0647393393,2021-10-29,Google Ads
C00895,Ouazzani,Youssef,youssef.ouazzani995@live.ma,1963-05-22,Homme,fes,0775807017,2023-07-18,Instagram
C01796,Benali,Nabil,nabil.benali330@outlook.com,1987-05-16,male,rabat ,0790572667,2021-08-01,TikTok
C01144,Ouazzani,Abdel,abdel.ouazzani235@hotmail.com,1975-05-19,M,Tiznit,0686854285,2023-06-25,Instagram
C01225,Kadiri,Mehdi,mehdi.kadiri453@gmail.com,1968-05-20,HOMME,Rabat Ville,0732096886,2021-10-21,Google Ads
C00110,Zizi,Soukaina,soukaina.zizi53@live.ma,1985-05-16,FEMME,  Tanger  ,0783800569,2022-10-29,Google Ads
C01776,Lahlou,Zineb,zineb.lahlou886@hotmail.com,1979-05-18,F,al hoceima ,0768227454,2021-01-18,SEO
C01599,Ouazzani,Nadia,nadia.ouazzani436@hotmail.com,1998-05-13,FEMME,Nador,0621140095,2022-12-07,Instagram
C00004,Idrissi,Said,said.idrissi461@yahoo.fr,1968-05-20,male,al hoceima ,0646855845,2022-09-19,Influencer
C00553,Lahbabi,Hamza,hamza.lahbabi504@gmail.com,1977-05-18,M,Rabat Ville,0658155542,2020-04-06,Google Ads
C00538,Idrissi,Amine,amine.idrissi292@protonmail.com,1967-05-21,m,tetouan ,0751621092,2024-06-28,Instagram
C01461,Hassani,Meriem,meriem.hassani925@live.ma,1974-05-19,Femme,agadir ,0697477918,2023-11-01,Instagram
C00272,Chakir,Reda,reda.chakir469@protonmail.com,1976-05-18,m,nador ,0684252780,2022-12-22,Email
C01969,Akharraz,Imane,imane.akharraz738@yahoo.fr,1985-05-16,f,Tiznit Ville,0648395262,2020-06-20,Instagram
C01721,Sbai,Nadia,nadia.sbai862@gmail.com,1980-05-17,female,Marrakech Medina,0645021207,2023-07-30,Influencer
C00959,Akharraz,Reda,reda.akharraz6@inemail.ma,2005-05-11,Homme,nador ,0671322699,2024-07-07,Google Ads
C01513,Dahbi,Houda,houda.dahbi539@inemail.ma,1966-05-21,female,fes,0689634193,2021-04-04,Referral
C01580,Lahbabi,Khadija,khadija.lahbabi451_inemail.ma,1978-05-18,0,SAFI,0759978040,2021-08-13,TikTok
C01161,Dahbi,Fatima,fatima.dahbi337@live.ma,1962-05-22,F,OUJ,0744580161,2023-04-26,Facebook Ads
C00056,Kadiri,Sanaa,sanaa.kadiri659@gmail.com,1978-05-18,female,fes ,0769533928,2020-08-09,Facebook Ads
C01489,Hassani,Nabil,nabil.hassani399@live.ma,2001-05-12,m,TANGER,0661154803,2024-08-26,SEO
C01246,Benali,Fatima,fatima.benali343@inemail.ma,1973-05-19,F,sale,0642800911,2025-03-08,Email
C01700,Sbai,Youssef,youssef.sbai905@live.ma,1990-05-15,M,Rabat Ville,0614346230,2023-03-27,Referral
C01649,Benali,Abdel,abdel.benali385@live.ma,1992-05-14,Homme,OUJ,0767974332,2021-07-13,Influencer
C00653,Lahbabi,Rachid,rachid.lahbabi716_yahoo.fr,1894-11-12,M,safi ,0780459205,2024-05-03,Email
C01937,Bennani,Youssef,youssef.bennani114@inemail.ma,1956-05-23,h,Fez,0644987476,2022-05-12,SEO
C00687,Fassi,Chaimae,chaimae.fassi704@live.ma,1966-05-21,Femme,fes,0717095369,2024-02-15,Referral
C00597,Bennani,Ines,ines.bennani58@live.ma,1984-05-16,female,Casa ,0690473708,2022-04-21,SEO
C00279,Sbai,Ghita,ghita.sbai949@hotmail.com,1958-05-23,F,al hoceima,0611740164,2023-02-04,Google Ads
C02218,Moussaoui,Ali,ali.moussaoui548@gmail.com,1999-05-13,male,rabat,0774395527,2021-07-16,TikTok
C01420,Benali,Rachid,rachid.benali498@live.ma,1956-05-23,HOMME,TNG,0742261979,2021-06-20,Facebook Ads
C01125,Hassani,Rachid,rachid.hassani311@inemail.ma,1988-05-15,Homme,SETT,0761820639,2022-08-20,Instagram
C02093,Bennani,Houda,houda.bennani718@protonmail.com,1973-05-19,Femme,Tiznit Ville,0776240612,2024-02-22,Email
C01560,Moussaoui,Nadia,nadia.moussaoui313@inemail.ma,2004-05-11,Femme,Tetouan Ville,0636994551,2024-06-08,TikTok
C00023,El Amrani,Chaimae,chaimae.el amrani831@live.ma,2003-05-12,f,Rabat,0791378577,2024-04-14,TikTok
C01552,Chakir,Hamza,hamza.chakir733@hotmail.com,1997-05-13,1,Sale,0616103166,2021-09-17,Google Ads
C02123,Kadiri,Mustapha,mustapha.kadiri151@inemail.ma,1977-05-18,m,TIZ,0716546154,2024-04-03,TikTok
C00703,Moussaoui,Mustapha,mustapha.moussaoui437@hotmail.com,1981-05-17,male,MRK,0747655580,2021-07-05,Referral
C01654,Bennani,Abdel,abdel.bennani806@protonmail.com,1986-05-16,h,Settat,0725357495,2024-11-09,SEO
C00894,Sbai,Reda,reda.sbai933@yahoo.fr,1976-05-18,m,agadir,0796124034,2020-03-09,Influencer
C01298,Sbai,Asmaa,asmaa.sbai230@gmail.com,1968-05-20,FEMME,TIZ,0625193029,2025-01-04,Influencer
C00758,Lahlou,Meriem,meriem.lahlou201@inemail.ma,2001-05-12,F,tetouan,0796551565,2022-08-08,Email
C01448,Naciri,Zineb,zineb.naciri462@yahoo.fr,1997-05-13,Femme,Kenitra Ville,0751833635,2023-04-30,Instagram
C00396,Lahbabi,Mustapha,mustapha.lahbabi25@hotmail.com,2001-05-12,HOMME,TNG,0765571661,2023-06-14,SEO
C02051,Benali,Ines,ines.benali539@gmail.com,1958-05-23,FEMME,KEN,0666894416,2020-01-29,TikTok
C01803,Dahbi,Soukaina,soukaina.dahbi185@outlook.com,1960-05-22,FEMME,rabat ,0611826627,2022-01-14,Instagram
C01738,El Amrani,Samir,samir.el amrani902@hotmail.com,1978-05-18,M,TIZ,0712653862,2022-11-13,Facebook Ads
C01050,Naciri,Zineb,zineb.naciri487@yahoo.fr,1990-05-15,female,safi ,0631911949,2020-11-23,Email
C01651,Kadiri,Adil,adil.kadiri945@inemail.ma,2008-05-10,M,Oujda Ville,0681253299,2020-10-15,Referral
C00515,Ouazzani,Amine,amine.ouazzani261@inemail.ma,1977-05-18,M,oujda ,0783248658,2020-08-19,Email
C00737,Tazi,Youssef,youssef.tazi9@yahoo.fr,1983-05-17,m,Casablanca,0727383462,2022-03-11,Facebook Ads
C00462,Fassi,Amine,amine.fassi553@gmail.com,1961-05-22,male,Agadir,0640257672,2023-12-10,Referral
C00888,Ouazzani,Amina,amina.ouazzani578@gmail.com,1975-05-19,f,RBT,0792662979,2021-11-07,Influencer
C00807,Fassi,Ali,ali.fassi474@inemail.ma,1975-05-19,m,tetouan,0797225409,2020-04-22,Facebook Ads
C00003,Kadiri,Salma,salma.kadiri571@outlook.com,2001-05-12,F,oujda,0769401199,2023-09-29,Email
C01952,Idrissi,Meryem,meryem.idrissi870@hotmail.com,1989-05-15,female,Settat Ville,0653366907,2024-10-26,SEO
C00119,Naciri,Omar,omar.naciri389@hotmail.com,1959-05-23,1,Settat Ville,0656488123,2021-08-12,Influencer
C01268,Lahbabi,Laila,laila.lahbabi343@inemail.ma,2007-05-11,f,Tiznit Ville,0692150325,2022-12-16,Google Ads
C00754,Naciri,Amina,amina@livema,1956-05-23,F,tanger ,0765573350,2023-08-21,Email
C02228,El Amrani,Houda,houda.el amrani567@hotmail.com,2007-05-11,f,agadir ,0767601447,2024-12-19,Facebook Ads
C01229,Lahlou,Chaimae,chaimae.lahlou503@live.ma,2004-05-11,female,OUJ,0652159618,2021-08-14,Email
C00830,Benali,Chaimae,chaimae.benali766@inemail.ma,1958-05-23,f,Marrakesh,0643544016,2024-06-30,SEO
C01587,Chakir,Meriem,meriem.chakir308@protonmail.com,1972-05-19,f,Agadir Ville,0614918680,2024-10-01,Referral
C00320,Ouazzani,Ghita,ghita.ouazzani833@inemail.ma,1964-05-21,FEMME,Safi Ville,0655588495,2022-09-17,Influencer
C01424,Benali,Ahmed,ahmed.benali928@protonmail.com,1967-05-21,h,OUJ,0785400080,2024-05-27,Referral
C01033,Fassi,Said,said.fassi73@protonmail.com,1998-05-13,m,Settat,0732463582,2021-01-10,Google Ads
C01235,Lahlou,Hamza,hamza.lahlou902@outlook.com,1984-05-16,h,oujda ,0663647995,2023-08-19,Google Ads
C01754,Naciri,Hamza,hamza.naciri486@outlook.com,1971-05-20,Homme,safi,0686054522,2022-11-08,Instagram
C00870,Ouazzani,Youssef,youssef.ouazzani348@protonmail.com,1989-05-15,1,Oujda,0681942460,2024-11-28,TikTok
C01841,Fassi,Ali,ali.fassi429@yahoo.fr,1988-05-15,Homme,TNG,0754364861,2022-04-12,Influencer
C02158,Ouazzani,Said,said.ouazzani631@hotmail.com,1992-05-14,m,KEN,0691880896,2020-09-07,Referral
C00096,Zizi,Khadija,khadija.zizi973_live.ma,1980-05-17,f,agadir ,0687030477,2024-04-11,Instagram
C01718,Zizi,Asmaa,asmaa.zizi411@outlook.com,1991-05-15,f,Marrakech Medina,0743806025,2024-10-13,Email
C01536,El Amrani,Meryem,meryem@yahoofr,1964-05-21,FEMME,settat,0657314672,2021-04-06,Facebook Ads
C01256,Lahlou,Asmaa,asmaa.lahlou140_hotmail.com,1985-05-16,F,Hoceima,0770603852,2020-07-28,SEO
C00796,Hassani,Hassan,hassan.hassani559@yahoo.fr,2026-11-03,1,OUJ,0779502107,2021-09-08,Influencer
C01812,Akharraz,Abdel,abdel.akharraz993@inemail.ma,1957-05-23,HOMME,Tnja,0714091407,2023-01-14,Influencer
C00065,El Amrani,Meryem,meryem.el amrani279@hotmail.com,1977-05-18,FEMME,settat,0656328316,2021-03-17,Email
C00297,Sbai,Rania,rania.sbai112@outlook.com,2003-05-12,Femme,Oujda Ville,0645330756,2020-10-13,Facebook Ads
C00217,Jabiri,Amina,amina.jabiri180_hotmail.com,1970-05-20,female,KEN,0792427773,2020-01-02,TikTok
C00566,Sbai,Yasmin,yasmin.sbai689@outlook.com,1975-05-19,0,Settat Ville,0658488507,2022-11-23,Influencer
C01746,Fassi,Said,said.fassi774@outlook.com,1957-05-23,Homme,settat ,0721694111,2022-01-23,Referral
C00420,Fassi,Ahmed,ahmed.fassi674@hotmail.com,2000-05-12,h,al hoceima ,0791125155,2022-05-01,Email
C01127,Moussaoui,Zineb,zineb.moussaoui357@yahoo.fr,1987-05-16,0,Sale,0799883548,2021-06-24,TikTok
C01671,Chakir,Amine,amine.chakir564@inemail.ma,1970-05-20,m,sale ,0714353181,2020-07-02,SEO
C00147,Dahbi,Fatima,fatima.dahbi70@protonmail.com,1995-05-14,FEMME,Rabat,0798487646,2023-06-19,Influencer
C00614,Akharraz,Houda,houda.akharraz453@outlook.com,2004-05-11,0,TANGER,0647101128,2024-09-21,TikTok
C01516,Lahbabi,Mohamed,mohamed.lahbabi380@yahoo.fr,1971-05-20,male,fes ,0611363738,2020-03-17,SEO
C01157,Ouazzani,Meriem,meriem.ouazzani781@outlook.com,1984-05-16,0,Rabat,0711626011,2020-03-31,Instagram
C00129,Lahbabi,Oumaima,oumaima.lahbabi697@inemail.ma,1958-05-23,FEMME,Nador,0720482769,2023-12-12,Facebook Ads
C00872,Kadiri,Youssef,youssef.kadiri549@outlook.com,1974-05-19,h,MRK,0660181317,2021-08-17,Referral
C01481,Idrissi,Amina,amina.idrissi709@live.ma,1987-05-16,Femme,tiznit,0772115842,2021-03-31,Influencer
C00128,Sbai,Omar,omar.sbai227@outlook.com,1978-05-18,HOMME,Agadir Ville,0765813853,2023-05-25,Influencer
C00773,Ouazzani,Driss,driss.ouazzani301@live.ma,1967-05-21,m,sale ,0625388056,2022-03-26,Instagram
C00514,Chakir,Meryem,meryem.chakir338@inemail.ma,1984-05-16,F,NAD,0629364653,2022-05-16,Facebook Ads
C01456,El Amrani,Ahmed,ahmed.el amrani219@live.ma,2000-05-12,M,Rabat Ville,0698917279,2021-04-13,Instagram
C00466,Bennani,Amine,amine.bennani855@live.ma,1982-05-17,1,Tnja,0775249732,2024-05-30,Influencer
C02001,Fassi,Hassan,hassan.fassi669@live.ma,1882-12-01,M,al hoceima ,0669402803,2020-05-05,Facebook Ads
C00026,Hassani,Mustapha,mustapha.hassani240@yahoo.fr,1968-05-20,HOMME,Casa ,0725405014,2021-02-09,TikTok
C01242,Lahbabi,Amina,amina.lahbabi199@inemail.ma,1971-05-20,F,NAD,0628980544,2022-03-19,Facebook Ads
C00393,Tazi,Yasmin,yasmin.tazi840@gmail.com,1973-05-19,FEMME,agadir ,0754185620,2020-09-06,Email
C02191,Zizi,Amina,amina.zizi478@gmail.com,1966-05-21,0,sale ,0772054715,2021-11-13,Influencer
C00419,Lahbabi,Imane,imane.lahbabi864@yahoo.fr,1999-05-13,Femme,kenitra ,0611557295,2020-09-14,Facebook Ads
C01540,Hassani,Mustapha,mustapha.hassani313@live.ma,1977-05-18,1,safi,0646367920,2021-11-08,Influencer
C00798,Bennani,Amina,amina.bennani655@gmail.com,1968-05-20,0,Marrakesh,0645609215,2022-07-09,Referral
C01098,Naciri,Ahmed,ahmed.naciri673@gmail.com,1991-05-15,M,safi,0713276640,2021-02-19,Google Ads
C01473,Akharraz,Meriem,meriem.akharraz740@inemail.ma,1968-05-20,FEMME,SLA,0759757038,2021-05-06,Influencer
C00930,Tazi,Mustapha,mustapha.tazi31@outlook.com,1998-05-13,1,oujda ,0648102759,2022-04-30,Influencer
C01986,Fassi,Samir,samir.fassi940@hotmail.com,1963-05-22,Homme,tanger ,0645104776,2021-01-19,Referral
C00602,Lahbabi,Mohamed,mohamed.lahbabi931@outlook.com,1987-05-16,Homme,Marrakech Medina,0790498733,2023-11-17,Referral
C01206,Jabiri,Rachid,rachid.jabiri165@hotmail.com,1891-03-05,HOMME,TTA,0761617675,2023-08-14,TikTok
C01807,Fassi,Mohamed,mohamed.fassi348@outlook.com,1959-05-23,M,Tanger Ville,0790189161,2023-03-10,Referral
C01001,Zizi,Khadija,khadija.zizi432@inemail.ma,1961-05-22,f,Sale Ville,0786953052,2022-06-20,SEO
C00765,Fassi,Mehdi,mehdi.fassi654@live.ma,2001-05-12,1,settat,0647911547,2020-08-07,Google Ads
C02131,Naciri,Samir,samir@protonmailcom,2006-05-11,m,tanger,0642503259,2022-01-01,Google Ads
C00546,Benali,Karim,karim.benali836@gmail.com,1996-05-13,M,marrakech,0697206603,2023-08-21,TikTok
C02092,Naciri,Meryem,meryem.naciri157@hotmail.com,1962-05-22,F,kenitra,0755905919,2020-10-24,Facebook Ads
C00076,Bennani,Zineb,zineb.bennani572@protonmail.com,1992-05-14,FEMME,agadir,0654743095,2025-01-30,Facebook Ads
C00781,Fassi,Ahmed,ahmed.fassi883@protonmail.com,1994-05-14,m,Casablanca,0782149862,2025-01-21,SEO
C02089,Chakir,Youssef,youssef.chakir659_inemail.ma,1977-05-18,HOMME,Nador,0625424203,2023-11-25,Email
C01195,Chakir,Mustapha,mustapha.chakir771@gmail.com,1982-05-17,male,safi ,0628373284,2024-02-26,Facebook Ads
C01574,Lahlou,Omar,omar@hotmailcom,2026-05-07,1,agadir ,0656293495,2021-03-11,Email
C01034,Sbai,Ali,ali.sbai292@inemail.ma,2002-05-12,h,KEN,0621610244,2024-12-18,Influencer
C01926,Bennani,Amina,amina.bennani713@hotmail.com,1966-05-21,0,tetouan,0637569515,2025-03-15,Email
C01888,Zizi,Ali,ali.zizi144@inemail.ma,1956-05-23,1,TTA,0727212173,2021-05-19,Email
C01187,Rami,Ahmed,ahmed.rami65@outlook.com,1998-05-13,HOMME,nador,0794767925,2021-02-01,Referral
C02139,Bennani,Karim,karim.bennani364@gmail.com,2003-05-12,M,fes,0751275753,2021-09-23,Influencer
C01114,Bennani,Karim,karim@inemailma,1967-05-21,h,Marrakesh,0734518599,2020-03-30,TikTok
C01474,Akharraz,Ali,ali.akharraz796@live.ma,1957-05-23,1,Safi Ville,0620613757,2021-07-28,Instagram
C01204,Hassani,Abdel,abdel.hassani801@inemail.ma,1979-05-18,m,rabat,0728884147,2020-08-14,Google Ads
C00558,Tazi,Asmaa,asmaa.tazi176@gmail.com,1963-05-22,FEMME,Fes Ville,0630348912,2023-09-23,Email
C01004,Jabiri,Salma,salma.jabiri342@yahoo.fr,1961-05-22,FEMME,tiznit,0723596009,2021-10-10,Facebook Ads
C01147,El Amrani,Driss,driss.el amrani172@gmail.com,2000-05-12,male,Tetouan,0772062977,2022-01-22,TikTok
C01079,Chakir,Meryem,meryem.chakir754@outlook.com,1976-05-18,female,fes,0650020641,2022-05-16,Google Ads
C01087,Fassi,Khadija,khadija.fassi513@yahoo.fr,1960-05-22,FEMME,Tiznit,0776065625,2022-11-10,SEO
C02026,Moussaoui,Chaimae,chaimae.moussaoui580@live.ma,1988-05-15,female,NAD,0668228228,2022-08-10,Referral
C01396,Ouazzani,Rachid,rachid.ouazzani268@yahoo.fr,1956-05-23,M,Fez,0718852650,2024-12-05,Influencer
C00753,Naciri,Said,said.naciri224@protonmail.com,1982-05-17,h,casa,0739009455,2023-05-15,Referral
C00016,Hassani,Khadija,khadija.hassani685@hotmail.com,1977-05-18,Femme,Sale Ville,0744675473,2021-03-10,Referral
C00993,Sbai,Nabil,nabil.sbai628@live.ma,2005-05-11,HOMME,Marrakech Medina,0642542841,2022-09-11,Email
C01820,Chakir,Fatima,fatima.chakir168@gmail.com,1981-05-17,F,Sale,0691027831,2024-10-07,Influencer
C00898,Naciri,Hamza,hamza.naciri529@gmail.com,1983-05-17,HOMME,HOC,0635895959,2020-05-05,Instagram
C00799,Naciri,Soukaina,soukaina@yahoofr,1969-05-20,0,TTA,0748709538,2023-03-06,Facebook Ads
C01528,Jabiri,Karim,karim.jabiri356@inemail.ma,1993-05-14,Homme,Sale Ville,0738267512,2021-07-23,SEO
C01434,El Amrani,Ali,ali@yahoofr,1994-05-14,h,Settat,0633773513,2021-07-02,SEO
C01483,Lahlou,Said,said.lahlou950@yahoo.fr,1975-05-19,M,casa,0674940567,2020-02-21,Instagram
C00401,Lahlou,Soukaina,soukaina.lahlou585@live.ma,1970-05-20,0,Tiznit,0714245067,2021-09-23,Google Ads
C00486,Moussaoui,Omar,omar.moussaoui705@outlook.com,1995-05-14,m,Rabat,0620433455,2023-11-15,SEO
C01392,Lahbabi,Soukaina,soukaina.lahbabi301@protonmail.com,1961-05-22,FEMME,Marrakech Medina,0732778889,2021-01-27,Facebook Ads
C01249,Akharraz,Khadija,khadija.akharraz352_inemail.ma,1982-05-17,F,kenitra ,0691412223,2020-11-18,Instagram
C01582,Idrissi,Nadia,nadia.idrissi58@gmail.com,1983-05-17,F,Hoceima,0673391224,2020-07-06,TikTok
C01512,Rami,Reda,reda.rami772@live.ma,1963-05-22,Homme,Sale,0748263982,2023-03-30,TikTok
C00199,Jabiri,Sanaa,sanaa.jabiri943@outlook.com,2006-05-11,F,agadir ,0740133935,2024-02-25,Referral
C01009,Moussaoui,Adil,adil.moussaoui451@protonmail.com,1890-12-19,HOMME,Safi,0768914857,2020-02-12,Email
C02049,El Amrani,Said,said.el amrani139@hotmail.com,2002-05-12,HOMME,safi ,0761710231,2022-06-24,Facebook Ads
C00598,Hassani,Soukaina,soukaina.hassani902@live.ma,1987-05-16,Femme,nador ,0779419139,2020-02-23,Referral
C00035,Dahbi,Houda,houda@inemailma,1971-05-20,f,Agadir Ville,0669934576,2024-11-07,Influencer
C01880,Ouazzani,Brahim,brahim.ouazzani118@hotmail.com,2008-05-10,h,Hoceima,0620324372,2025-01-12,Facebook Ads
C00651,Bennani,Omar,omar.bennani408@protonmail.com,2003-05-12,m,settat ,0667293719,2022-05-16,Google Ads
C01029,El Amrani,Mohamed,mohamed.el amrani102@hotmail.com,1994-05-14,male,Safi,0737747762,2021-02-20,SEO
C00283,Kadiri,Zineb,zineb.kadiri534@gmail.com,1998-05-13,f,Marrakech,0739688703,2020-07-07,TikTok
C00301,Zizi,Brahim,brahim.zizi780@hotmail.com,1992-05-14,HOMME,Tnja,0762088975,2021-02-27,Influencer
C00567,Dahbi,Imane,imane.dahbi84@gmail.com,2000-05-12,f,tiznit ,0788952163,2022-01-26,Email
C01226,El Amrani,Fatima,fatima.el amrani799@gmail.com,1878-04-10,0,nador,0621225138,2024-01-20,Referral
C01906,Hassani,Ines,ines.hassani641@inemail.ma,1991-05-15,F,settat ,0733803103,2023-07-04,Influencer
C00743,Fassi,Said,said.fassi500@gmail.com,1990-05-15,1,Dar el Beida,0669166889,2025-02-21,Referral
C01876,Zizi,Asmaa,asmaa.zizi616@protonmail.com,1966-05-21,female,Oujda,0615066164,2022-03-16,Instagram
C01295,Bennani,Rachid,rachid.bennani192@live.ma,1962-05-22,M,SETT,0762220968,2025-02-14,Instagram
C00185,Idrissi,Omar,omar.idrissi1@hotmail.com,1964-05-21,m,oujda ,0646778269,2021-09-10,Facebook Ads
C00118,Ouazzani,Khadija,khadija.ouazzani231@yahoo.fr,1963-05-22,F,KEN,0756815569,2021-10-11,Google Ads
C00556,Rami,Meryem,meryem.rami844_live.ma,1968-05-20,f,nador,0649208083,2022-01-10,Influencer
C00724,Ouazzani,Rania,rania.ouazzani808@gmail.com,1999-05-13,Femme,nador,0769954440,2020-10-29,Influencer
C01647,Hassani,Adil,adil.hassani536@gmail.com,1966-05-21,HOMME,casa,0754255086,2023-11-22,Instagram
C00413,Naciri,Amina,amina.naciri581@inemail.ma,1964-05-21,0,tetouan ,0725344154,2020-06-08,Influencer
C02118,Tazi,Fatima,fatima.tazi419@inemail.ma,1958-05-23,0,nador ,0628215281,2021-09-28,Google Ads
C00072,Rami,Reda,reda.rami155@hotmail.com,1980-05-17,h,AGD,0657236885,2023-04-26,Facebook Ads
C00752,Hassani,Karim,karim.hassani512@inemail.ma,1958-05-23,m,Safi,0670473000,2022-12-02,Instagram
C00989,Hassani,Khadija,khadija.hassani124@live.ma,2000-05-12,f,tiznit,0677742871,2022-06-12,Instagram
C00826,Bennani,Asmaa,asmaa.bennani927@live.ma,1960-05-22,F,Nador Ville,0790282015,2020-05-24,Facebook Ads
C00744,Tazi,Samir,samir.tazi699@hotmail.com,1992-05-14,male,agadir,0642858752,2020-03-28,SEO
C00645,Idrissi,Ali,ali.idrissi433@live.ma,1981-05-17,Homme,oujda ,0712658997,2024-06-13,Email
C01701,Dahbi,Omar,omar.dahbi213@live.ma,1997-05-13,M,sale,0786321420,2024-03-09,SEO
C02236,Sbai,Asmaa,asmaa.sbai587@yahoo.fr,1968-05-20,FEMME,kenitra,0794446701,2023-10-18,SEO
C00901,Naciri,Hassan,hassan.naciri786@outlook.com,1995-05-14,M,settat,0651309843,2024-12-01,TikTok
C01162,Moussaoui,Nabil,nabil.moussaoui902@outlook.com,1999-05-13,M,Tiznit,0765384277,2022-11-01,Email
C01214,Chakir,Meryem,meryem.chakir257@inemail.ma,1961-05-22,F,casa blanca,0747189249,2020-03-31,Instagram
C01495,Moussaoui,Hassan,hassan.moussaoui973@yahoo.fr,1967-05-21,h,Tiznit Ville,0639494552,2024-12-24,Email
C01292,Naciri,Said,said.naciri690@gmail.com,1974-05-19,h,tanger,0746013628,2024-10-11,Google Ads
C01686,Jabiri,Karim,karim.jabiri807@hotmail.com,2001-05-12,1,Kenitra Ville,0724920594,2021-11-21,Instagram
C00081,Moussaoui,Meriem,meriem.moussaoui317@inemail.ma,1996-05-13,FEMME,Kenitra,0747818761,2022-06-21,Email
C00369,Benali,Meryem,meryem.benali174@yahoo.fr,1957-05-23,0,NAD,0636801295,2020-04-01,Referral
C00189,Naciri,Ghita,ghita.naciri451@yahoo.fr,1968-05-20,f,TANGER,0739158087,2023-06-15,Facebook Ads
C01526,Fassi,Driss,driss.fassi10_outlook.com,1972-05-19,M,Sale,0640832741,2024-12-02,SEO
C02170,Benali,Nabil,nabil.benali540@outlook.com,1985-05-16,HOMME,nador,0767323574,2022-11-10,Google Ads
C00480,Ouazzani,Ines,ines.ouazzani998@protonmail.com,1985-05-16,female,settat ,0731856985,2024-09-27,SEO
C01377,Lahlou,Oumaima,oumaima.lahlou213@hotmail.com,1982-05-17,female,nador ,0753976954,2020-07-23,Referral
C00920,Hassani,Youssef,youssef.hassani125@inemail.ma,1985-05-16,Homme,fes,0767136827,2022-01-26,Referral
C01199,Dahbi,Reda,reda.dahbi295@yahoo.fr,2001-05-12,Homme,Safi Ville,0710194969,2023-05-24,Facebook Ads
C01240,Sbai,Houda,houda.sbai984@inemail.ma,2007-05-11,FEMME,Kenitra Ville,0684637179,2022-01-24,Instagram
C00230,Lahlou,Rania,rania.lahlou233@live.ma,1984-05-16,f,Tetouan Ville,0786868410,2023-01-01,TikTok
C00133,Fassi,Hamza,hamza.fassi384@hotmail.com,1984-05-16,Homme,nador ,0697715861,2023-09-17,Referral
C01345,Idrissi,Soukaina,soukaina.idrissi202_gmail.com,1986-05-16,FEMME,Casa ,0767164456,2021-12-28,Email
C01215,Jabiri,Ahmed,ahmed.jabiri815@hotmail.com,2002-05-12,h,Tiznit,0710012470,2025-03-09,Email
C00131,Hassani,Sanaa,sanaa.hassani426@hotmail.com,1973-05-19,FEMME,Rabat Ville,0663143336,2024-01-21,Google Ads
C00170,Lahbabi,Samir,samir.lahbabi440_hotmail.com,1991-05-15,HOMME,Oujda Ville,0682060023,2020-05-08,Instagram
C01909,Moussaoui,Rania,rania.moussaoui870@live.ma,1998-05-13,Femme,Marrakesh,0768291059,2021-07-08,Referral
C00058,Lahlou,Nadia,nadia.lahlou441@hotmail.com,1982-05-17,f,Al Hoceima,0651949529,2022-05-01,Email
C01514,Fassi,Abdel,abdel.fassi741@outlook.com,1966-05-21,male,sale ,0723389421,2024-12-12,TikTok
C01362,Naciri,Youssef,youssef.naciri731@gmail.com,1958-05-23,1,Agadir,0767331056,2020-08-18,SEO
C01267,Benali,Khadija,khadija.benali615@hotmail.com,1984-05-16,Femme,  Tanger  ,0777632223,2024-09-03,TikTok
C01550,Sbai,Mustapha,mustapha.sbai858@inemail.ma,2006-05-11,Homme,Nador,0769357007,2025-03-15,Influencer
C01258,Naciri,Samir,samir.naciri786@live.ma,1984-05-16,Homme,sale ,0722033247,2024-08-27,Google Ads
C00345,El Amrani,Imane,imane.el amrani74@live.ma,1996-05-13,FEMME,fes ,0626369402,2022-02-20,TikTok
C01406,Naciri,Abdel,abdel.naciri36@gmail.com,1959-05-23,1,agadir,0734478552,2024-03-19,SEO
C02147,Lahbabi,Youssef,youssef.lahbabi839@yahoo.fr,1996-05-13,HOMME,kenitra,0651843281,2024-07-30,Instagram
C01452,Kadiri,Omar,omar.kadiri741@gmail.com,1972-05-19,male,sale ,0738378459,2020-08-17,Referral
C00621,Chakir,Asmaa,asmaa.chakir986@hotmail.com,1989-05-15,F,Agadir Ville,0614302906,2023-02-06,Influencer
C00535,Tazi,Omar,omar.tazi698@protonmail.com,1985-05-16,h,Tanger Ville,0730639394,2024-09-10,SEO
C01041,Sbai,Soukaina,soukaina.sbai397@hotmail.com,1993-05-14,female,Settat Ville,0774307616,2021-12-07,Instagram
C00368,Ouazzani,Laila,laila.ouazzani332@protonmail.com,2003-05-12,F,nador ,0735567100,2022-01-18,Referral
C00200,Tazi,Ines,ines.tazi586@yahoo.fr,1965-05-21,F,fes,0663811222,2024-07-05,Facebook Ads
C00710,Akharraz,Ghita,ghita.akharraz411@live.ma,1883-08-10,FEMME,kenitra ,0678826270,2021-03-22,Influencer
C01185,Moussaoui,Fatima,fatima.moussaoui789@inemail.ma,1991-05-15,f,casa blanca,0726299272,2022-07-13,Influencer
C01409,Lahlou,Meriem,meriem.lahlou409@live.ma,1971-05-20,FEMME,agadir,0659296057,2020-03-26,TikTok
C01682,Ouazzani,Driss,driss.ouazzani289@inemail.ma,1961-05-22,m,Safi,0687562721,2024-11-07,Instagram
C01615,Benali,Amina,amina.benali589_inemail.ma,1992-05-14,FEMME,sale ,0686459518,2023-09-12,Instagram
C01904,Idrissi,Amina,amina.idrissi613@yahoo.fr,1982-05-17,f,Marrakech Medina,0734920268,2021-03-19,Email
C00424,Benali,Oumaima,oumaima.benali525@hotmail.com,1987-05-16,0,oujda ,0748816900,2024-06-22,Instagram
C00278,Lahbabi,Mustapha,mustapha.lahbabi34@yahoo.fr,2002-05-12,HOMME,Nador Ville,0696854901,2023-02-24,Email
C00322,Lahlou,Ghita,ghita.lahlou255@yahoo.fr,1965-05-21,0,Tanger Ville,0673962190,2023-02-09,Referral
C00423,Bennani,Ghita,ghita.bennani91@outlook.com,1961-05-22,Femme,Kenitra Ville,0792280717,2023-11-01,SEO
C00660,Benali,Amine,amine.benali18@protonmail.com,2006-05-11,h,SETT,0741347711,2023-10-20,Influencer
C02088,Rami,Yasmin,yasmin.rami500@live.ma,2003-05-12,female,Tetouan,0662608499,2022-12-12,Instagram
C01730,El Amrani,Said,said.el amrani409@gmail.com,1987-05-16,HOMME,rabat ,0767755039,2023-04-04,TikTok
C00449,Moussaoui,Nabil,nabil.moussaoui543@gmail.com,1960-05-22,m,marrakech,0647101348,2022-08-08,SEO
C01657,Benali,Mohamed,mohamed.benali446@inemail.ma,1956-05-23,male,oujda ,0751883522,2024-03-24,Email
C00285,Rami,Khadija,khadija.rami250@gmail.com,1988-05-15,Femme,Safi Ville,0744439001,2020-08-20,Google Ads
C01951,Bennani,Nabil,nabil.bennani921@live.ma,1986-05-16,Homme,Fes Ville,0674278296,2021-07-28,Email
C01398,Hassani,Nabil,nabil.hassani677@yahoo.fr,1961-05-22,M,Kenitra Ville,0788695322,2023-04-01,Instagram
C01811,Tazi,Mustapha,mustapha.tazi161@inemail.ma,1958-05-23,1,tetouan ,0717024006,2022-10-07,Referral
C00865,Bennani,Abdel,abdel.bennani626@outlook.com,2006-05-11,m,Oujda Ville,0695592608,2022-02-17,Referral
C01606,Tazi,Mustapha,mustapha.tazi307@outlook.com,1995-05-14,m,TANGER,0737600745,2023-11-28,Email
C00634,Lahbabi,Hassan,hassan.lahbabi226@gmail.com,1966-05-21,m,settat,0653908184,2022-05-01,Referral
C01312,Sbai,Ahmed,ahmed.sbai61@hotmail.com,2003-05-12,h,sale,0637374649,2022-09-29,Influencer
C01358,Lahlou,Mustapha,mustapha.lahlou777@gmail.com,1986-05-16,1,Rabat,0778027985,2021-04-22,Referral
C01045,Zizi,Samir,samir.zizi562@inemail.ma,1982-05-17,HOMME,safi ,0673113531,2022-03-15,Facebook Ads
C01122,Moussaoui,Mohamed,mohamed.moussaoui417@gmail.com,2006-05-11,h,TIZ,0660154780,2020-02-26,Email
C00966,Dahbi,Abdel,abdel.dahbi818@gmail.com,2005-05-11,h,tetouan ,0714306243,2020-02-03,Referral
C01717,Bennani,Houda,houda.bennani924@hotmail.com,1958-05-23,female,Sale,0720202362,2022-03-21,TikTok
C01865,Lahlou,Reda,reda.lahlou868@protonmail.com,2002-05-12,M,kenitra ,0697087978,2024-07-13,Influencer
C00595,Chakir,Adil,adil.chakir982@yahoo.fr,1956-05-23,1,Oujda,0722840710,2020-05-29,Influencer
C00031,El Amrani,Oumaima,oumaima.el amrani323@yahoo.fr,1959-05-23,FEMME,oujda,0765465150,2020-01-03,SEO
C00029,Naciri,Chaimae,chaimae.naciri591@gmail.com,1997-05-13,F,Tanger Ville,0734359060,2025-02-19,Email
C00061,Naciri,Nadia,nadia.naciri159@protonmail.com,2002-05-12,0,Kenitra,0787054398,2020-08-23,TikTok
C01494,Bennani,Khadija,khadija.bennani545@gmail.com,1965-05-21,FEMME,tiznit,0610847304,2024-08-22,Influencer
C00962,Naciri,Samir,samir.naciri104@gmail.com,1991-05-15,1,tetouan,0673329409,2021-08-05,Instagram
C01100,Rami,Laila,laila.rami841@hotmail.com,1985-05-16,0,agadir ,0653045133,2023-02-02,Referral
C00539,Zizi,Nadia,nadia.zizi502@hotmail.com,1978-05-18,0,Kenitra,0759423803,2020-07-03,Instagram
C01723,Chakir,Nabil,nabil.chakir754@gmail.com,1974-05-19,HOMME,Sale,0787118971,2022-10-06,TikTok
C00289,Dahbi,Soukaina,soukaina.dahbi399@protonmail.com,2008-05-10,Femme,agadir,0619742790,2024-03-28,Referral
C01030,Lahbabi,Ali,ali.lahbabi947_yahoo.fr,1956-05-23,m,safi,0740651547,2020-12-28,Referral
C01168,Naciri,Sanaa,sanaa.naciri630@gmail.com,1996-05-13,f,casa,0724433569,2024-08-14,Google Ads
C01630,Kadiri,Sanaa,sanaa.kadiri671@hotmail.com,1997-05-13,female,oujda,0747490735,2021-06-03,Email
C00874,Moussaoui,Ahmed,ahmed.moussaoui35@yahoo.fr,1956-05-23,1,Settat,0721397317,2020-09-25,Facebook Ads
C00402,Jabiri,Mehdi,mehdi.jabiri381@hotmail.com,1989-05-15,Homme,Safi,0715019076,2020-08-17,TikTok
C01708,Sbai,Nabil,nabil.sbai603@hotmail.com,1961-05-22,M,Agadir,0677869273,2022-07-16,Email
C01539,Ouazzani,Hassan,hassan.ouazzani871@outlook.com,1961-05-22,h,sale ,0637159852,2024-07-30,Google Ads
C00318,Akharraz,Ali,ali.akharraz531@gmail.com,2004-05-11,h,Sale,0756637316,2024-01-27,Google Ads
C01230,Kadiri,Sanaa,sanaa.kadiri27@gmail.com,2008-05-10,Femme,tetouan ,0795452121,2022-02-12,Referral
C02004,Dahbi,Meryem,meryem.dahbi413@inemail.ma,1990-05-15,0,agadir ,0780332126,2023-10-27,TikTok
C00523,Naciri,Ali,ali.naciri971@gmail.com,1967-05-21,Homme,marrakech,0736610839,2020-07-01,Google Ads
C01991,Hassani,Mustapha,mustapha.hassani861@inemail.ma,1992-05-14,Homme,casablanca,0630772573,2023-05-30,Influencer
C00243,Ouazzani,Meriem,meriem.ouazzani310@protonmail.com,1969-05-20,0,Marrakesh,0785357498,2022-11-13,Google Ads
C00974,Akharraz,Meriem,meriem.akharraz790@hotmail.com,2001-05-12,Femme,Marrakech,0631861785,2025-02-13,TikTok
C00647,Fassi,Zineb,zineb.fassi201@outlook.com,1885-03-15,f,al hoceima ,0775961801,2024-02-04,Email
C01808,Naciri,Nadia,nadia@livema,1981-05-17,F,Settat,0776168894,2022-08-07,Google Ads
C01772,Naciri,Rania,rania.naciri255@live.ma,1963-05-22,f,oujda ,0640980281,2021-02-08,Email
C01492,Kadiri,Hamza,hamza.kadiri773@live.ma,1999-05-13,M,TNG,0699255332,2024-10-23,Instagram
C00214,Zizi,Brahim,brahim.zizi515@yahoo.fr,1883-01-15,male,Safi Ville,0647706144,2021-03-24,SEO
C00564,Idrissi,Hassan,hassan.idrissi912@inemail.ma,1992-05-14,male,tanger,0777816807,2024-01-27,Facebook Ads
C01165,Moussaoui,Abdel,abdel.moussaoui626@inemail.ma,1998-05-13,Homme,Fes,0623510334,2024-10-13,Facebook Ads
C01330,Hassani,Sanaa,sanaa.hassani678@protonmail.com,1960-05-22,female,RBT,0614969146,2025-03-10,Google Ads
C00682,Idrissi,Ali,ali.idrissi86@yahoo.fr,1964-05-21,1,tetouan ,0794975906,2023-07-13,TikTok
C00038,Dahbi,Karim,karim.dahbi77@hotmail.com,1992-05-14,m,Tiznit,0654099326,2023-08-23,Email
C00885,Jabiri,Driss,driss.jabiri427@outlook.com,2027-05-01,M,tanger ,0622596044,2021-01-19,Influencer
C01120,Tazi,Karim,karim.tazi882@hotmail.com,1996-05-13,1,Safi,0633141548,2021-03-14,Email
C01333,Rami,Karim,karim.rami132@gmail.com,1971-05-20,M,fes ,0718860728,2021-12-17,SEO
C01422,Benali,Rania,rania.benali865@hotmail.com,2002-05-12,female,Sale,0667365150,2021-10-07,Facebook Ads
C00605,Bennani,Fatima,fatima.bennani569@gmail.com,1980-05-17,0,agadir,0715892805,2024-04-16,SEO
C00303,Bennani,Chaimae,chaimae.bennani386@outlook.com,1986-05-16,0,KEN,0791095825,2024-06-11,SEO
C01535,Chakir,Salma,salma.chakir89@gmail.com,1979-05-18,FEMME,rabat,0784195414,2023-11-28,Email
C00060,Lahlou,Oumaima,oumaima.lahlou421@yahoo.fr,1960-05-22,female,agadir,0790585678,2020-04-15,Google Ads
C00674,Moussaoui,Ali,ali.moussaoui247@hotmail.com,1964-05-21,M,TNG,0798384904,2024-03-06,Facebook Ads
C00025,Idrissi,Mehdi,mehdi.idrissi566@gmail.com,1982-05-17,1,Marrakech,0641068214,2021-08-19,Google Ads
C02215,Chakir,Meryem,meryem.chakir767@live.ma,1971-05-20,F,Oujda,0732141696,2021-03-16,Google Ads
C00916,Dahbi,Rachid,rachid.dahbi408@protonmail.com,2002-05-12,m,Rabat,0698029193,2023-11-06,Email
C01324,Zizi,Amina,amina.zizi366@outlook.com,1974-05-19,0,Settat Ville,0637111336,2024-09-11,SEO
C01770,Benali,Said,said.benali249@hotmail.com,1960-05-22,h,RBT,0739837391,2021-12-21,Email
C00142,Benali,Yasmin,yasmin.benali986@protonmail.com,1960-05-22,0,Marrakech,0663235053,2023-05-22,TikTok
C01661,Akharraz,Hamza,hamza.akharraz522@hotmail.com,1963-05-22,h,oujda,0730487363,2023-12-02,Instagram
C01477,Zizi,Adil,adil.zizi122@yahoo.fr,2001-05-12,M,Nador Ville,0797330798,2023-09-29,TikTok
C00269,El Amrani,Rania,rania.el amrani865@hotmail.com,1959-05-23,0,Tiznit,0770737878,2023-09-07,Facebook Ads
C00148,Lahlou,Ahmed,ahmed.lahlou13@gmail.com,1991-05-15,m,kenitra ,0734060788,2022-10-25,Facebook Ads
C01382,Tazi,Ines,ines.tazi56@gmail.com,1987-05-16,FEMME,HOC,0611228910,2025-03-10,Email
C01113,Chakir,Reda,reda.chakir503@outlook.com,1990-05-15,1,Hoceima,0767274946,2023-05-16,Facebook Ads
C00158,Sbai,Ahmed,ahmed.sbai798@gmail.com,1973-05-19,Homme,tetouan ,0661100987,2023-03-17,Instagram
C01662,Rami,Mehdi,mehdi.rami906@hotmail.com,1980-05-17,1,safi ,0773525919,2024-06-06,Influencer
C01872,Moussaoui,Imane,imane.moussaoui872@gmail.com,1974-05-19,FEMME,SETT,0781647438,2023-07-09,Facebook Ads
C00561,Sbai,Driss,driss.sbai908@protonmail.com,1989-05-15,h,tetouan ,0647551535,2021-12-05,Instagram
C00970,Akharraz,Samir,samir.akharraz231@yahoo.fr,1992-05-14,m,tanger,0781452723,2024-04-21,Influencer
C02084,Hassani,Zineb,zineb.hassani747@inemail.ma,1975-05-19,Femme,Kenitra Ville,0788065767,2022-09-04,Influencer
C01043,Hassani,Youssef,youssef.hassani873@outlook.com,2000-05-12,M,Tetouan Ville,0766066184,2022-04-11,Influencer
C00426,Kadiri,Imane,imane.kadiri803@yahoo.fr,1969-05-20,f,casa blanca,0691043555,2020-01-30,Instagram
C01831,Lahbabi,Soukaina,soukaina.lahbabi679@yahoo.fr,1958-05-23,F,Nador Ville,0765247109,2024-06-17,Facebook Ads
C02192,Rami,Yasmin,yasmin.rami680@gmail.com,1966-05-21,F,Fes,0657298006,2020-09-30,Referral
C01858,Lahlou,Samir,samir.lahlou956@hotmail.com,1993-05-14,Homme,sale,0725978233,2021-03-26,Influencer
C01134,Sbai,Houda,houda.sbai237@outlook.com,1972-05-19,female,Tetouan,0630361218,2021-12-25,SEO
C00931,Lahlou,Soukaina,soukaina.lahlou622@inemail.ma,1983-05-17,F,rabat ,0733974297,2023-03-14,Instagram
C01005,Tazi,Ali,ali.tazi655@outlook.com,1996-05-13,h,sale ,0768756373,2021-12-19,Referral
C01918,Chakir,Meryem,meryem.chakir767@live.ma,1971-05-20,F,Oujda,0786860780,2021-03-16,Google Ads
C01672,Jabiri,Yasmin,yasmin.jabiri247@gmail.com,1977-05-18,F,tiznit,0716118607,2022-08-13,Facebook Ads
C00388,Akharraz,Nabil,nabil.akharraz935@yahoo.fr,1966-05-21,Homme,TANGER,0616886777,2020-10-23,Email
C00102,Dahbi,Imane,imane.dahbi852@gmail.com,1989-05-15,FEMME,kenitra,0656442431,2023-12-23,Google Ads
C01648,Sbai,Chaimae,chaimae.sbai194@protonmail.com,1888-04-16,FEMME,rabat,0742101325,2021-02-20,Google Ads
C01577,Dahbi,Amine,amine.dahbi49@outlook.com,1990-05-15,h,agadir,0662800537,2020-09-26,Influencer
C01037,Fassi,Fatima,fatima.fassi944@outlook.com,1996-05-13,female,AGD,0649165484,2022-02-17,Facebook Ads
C00248,Moussaoui,Rania,rania.moussaoui431@inemail.ma,1985-05-16,F,HOC,0673154349,2024-10-09,SEO
C00814,Hassani,Samir,samir.hassani986@outlook.com,2026-07-27,m,tanger ,0656819717,2022-01-02,Email
C00494,Chakir,Mehdi,mehdi.chakir411@protonmail.com,2002-05-12,male,rabat ,0658816328,2020-12-11,TikTok
C01778,Lahbabi,Ghita,ghita.lahbabi87@outlook.com,1896-05-01,female,Nador Ville,0648868496,2025-01-10,Google Ads
C00721,Moussaoui,Fatima,fatima.moussaoui151@yahoo.fr,1994-05-14,F,tetouan ,0676011040,2023-11-07,Instagram
C01596,Hassani,Rania,rania.hassani933@yahoo.fr,1977-05-18,female,Rabat Ville,0679566756,2021-12-14,Facebook Ads
C01628,Benali,Reda,reda.benali477@hotmail.com,2007-05-11,male,tanger ,0785576096,2020-10-06,SEO
C00246,Naciri,Youssef,youssef.naciri836@outlook.com,1963-05-22,Homme,Hoceima,0758116670,2024-05-26,Google Ads
C00220,Rami,Nabil,nabil.rami229@protonmail.com,1997-05-13,M,NAD,0633851602,2021-08-26,SEO
C00810,Benali,Laila,laila.benali902@gmail.com,1993-05-14,f,Rabat Ville,0762440731,2024-09-01,SEO
C01003,Zizi,Rania,rania.zizi457_inemail.ma,1968-05-20,0,MRK,0763864375,2021-03-04,Referral
C00340,Benali,Oumaima,oumaima.benali970@inemail.ma,2008-05-10,Femme,al hoceima ,0610968781,2023-05-07,Referral
C00439,Jabiri,Ali,ali.jabiri549@yahoo.fr,1989-05-15,m,Dar el Beida,0659037166,2023-08-18,Referral
C01412,Zizi,Fatima,fatima.zizi440@outlook.com,2004-05-11,0,Nador Ville,0626979106,2020-02-17,SEO
C01261,Fassi,Brahim,brahim.fassi469@inemail.ma,2007-05-11,male,tetouan,0785384682,2021-03-18,TikTok
C01953,Idrissi,Mustapha,mustapha.idrissi145@yahoo.fr,1989-05-15,male,Marrakech Medina,0670984401,2021-07-14,Instagram
C02187,Rami,Yasmin,yasmin.rami348@outlook.com,1981-05-17,FEMME,Nador,0679437440,2020-12-30,Referral
C00138,Moussaoui,Driss,driss.moussaoui282@gmail.com,1971-05-20,M,TTA,0784605013,2023-07-06,Influencer
C00034,Kadiri,Yasmin,yasmin.kadiri426@inemail.ma,1978-05-18,Femme,HOC,0690447099,2022-02-24,Instagram
C01898,Lahlou,Abdel,abdel.lahlou147@inemail.ma,1971-05-20,m,settat,0659967612,2024-07-14,Google Ads
C00017,Ouazzani,Samir,samir.ouazzani530@outlook.com,1962-05-22,1,kenitra,0796691619,2021-05-07,Influencer
C01459,Moussaoui,Karim,karim.moussaoui134@protonmail.com,1986-05-16,HOMME,Tiznit,0642708760,2024-11-28,Referral
C00603,Tazi,Chaimae,chaimae.tazi429@yahoo.fr,1979-05-18,female,SLA,0610496212,2022-10-12,TikTok
C00215,Kadiri,Asmaa,asmaa.kadiri239@outlook.com,1966-05-21,FEMME,Agadir Ville,0639448924,2024-06-08,Email
C00450,Fassi,Nadia,nadia.fassi510@outlook.com,2006-05-11,F,settat ,0743739891,2021-03-05,Referral
C00672,Hassani,Imane,imane.hassani299@outlook.com,1957-05-23,female,al hoceima ,0787266743,2020-01-19,Facebook Ads
C01068,Akharraz,Zineb,zineb.akharraz464@outlook.com,1960-05-22,Femme,oujda ,0652509908,2024-11-23,Email
C01051,Rami,Oumaima,oumaima.rami576@live.ma,1964-05-21,f,Tetouan,0625214980,2025-01-24,Instagram
C01753,Dahbi,Nabil,nabil.dahbi559@inemail.ma,1962-05-22,1,nador,0618213084,2021-02-25,Facebook Ads
C01454,Tazi,Youssef,youssef.tazi491@live.ma,1964-05-21,HOMME,Safi,0791692490,2023-01-26,Instagram
C02233,Tazi,Nabil,nabil.tazi210@protonmail.com,1967-05-21,h,CASA,0624523087,2020-03-30,TikTok
C00255,Moussaoui,Adil,adil@gmailcom,1985-05-16,m,Al Hoceima,0781770706,2022-02-07,SEO
C02024,Hassani,Salma,salma.hassani177@live.ma,1981-05-17,FEMME,safi ,0686487458,2024-08-28,TikTok
C00213,Fassi,Ali,ali.fassi659@inemail.ma,1968-05-20,1,Tetouan,0758199211,2020-02-09,Influencer
C00412,Bennani,Oumaima,oumaima.bennani546@hotmail.com,1982-05-17,0,NAD,0761514973,2020-11-21,Facebook Ads
C01271,Fassi,Said,said.fassi782@inemail.ma,2000-05-12,m,al hoceima ,0676047752,2023-02-11,Influencer
C01593,Rami,Reda,reda.rami910@hotmail.com,1981-05-17,M,SLA,0614956822,2020-04-17,Facebook Ads
C02091,El Amrani,Samir,samir.el amrani689@outlook.com,1961-05-22,HOMME,Marrakesh,0655868421,2021-11-12,Email
C01445,Sbai,Hamza,hamza.sbai551@yahoo.fr,2005-05-11,Homme,casablanca,0639371554,2023-03-18,TikTok
C00982,Fassi,Houda,houda.fassi375@live.ma,2002-05-12,Femme,Agadir Ville,0626889016,2024-10-10,TikTok
C00360,Rami,Hassan,hassan.rami559@outlook.com,1973-05-19,HOMME,marrakech ,0763296593,2022-07-15,SEO
C01989,El Amrani,Mustapha,mustapha.el amrani66@yahoo.fr,1976-05-18,m,Fes,0735626483,2024-09-03,Facebook Ads
C01053,Jabiri,Fatima,fatima.jabiri353@yahoo.fr,1985-05-16,Femme,Settat Ville,0730063671,2021-09-06,Facebook Ads
C01954,Tazi,Omar,omar.tazi965@inemail.ma,2002-05-12,1,Agadir,0788511877,2022-07-28,SEO
C01129,Moussaoui,Yasmin,yasmin.moussaoui809@protonmail.com,1997-05-13,f,marrakech ,0662563720,2022-02-06,Influencer
C00436,Akharraz,Meryem,meryem.akharraz112@outlook.com,1981-05-17,F,rabat ,0744761889,2025-02-12,Facebook Ads
C01868,Tazi,Adil,adil.tazi503@yahoo.fr,1969-05-20,m,  Tanger  ,0635636783,2024-02-03,Referral
C01173,Lahlou,Omar,omar.lahlou310@protonmail.com,1978-05-18,Homme,Hoceima,0656316611,2022-03-11,Facebook Ads
C01676,Hassani,Adil,adil@gmailcom,1959-05-23,HOMME,casablanca,0637219705,2020-11-12,Email
C00782,Ouazzani,Youssef,youssef.ouazzani114@gmail.com,2004-05-11,HOMME,safi,0746226982,2024-06-09,Instagram
C01252,Dahbi,Imane,imane.dahbi962@gmail.com,2005-05-11,f,nador,0791527526,2022-03-10,Facebook Ads
C00575,Lahlou,Meryem,meryem.lahlou981@live.ma,1960-05-22,F,sale,0612546591,2020-09-03,Google Ads
C01383,Chakir,Hamza,hamza.chakir302@outlook.com,1957-05-23,M,Rabat,0751690209,2022-09-06,Email
C01664,Ouazzani,Zineb,zineb.ouazzani315@gmail.com,1982-05-17,F,Nador,0624826072,2023-01-26,Instagram
C00382,Lahbabi,Adil,adil.lahbabi68@outlook.com,1980-05-17,Homme,Nador,0743122766,2021-10-27,Email
C01205,Dahbi,Hamza,hamza.dahbi485@inemail.ma,2004-05-11,1,nador,0670309806,2023-08-12,TikTok
C01632,Sbai,Adil,adil.sbai189@yahoo.fr,1967-05-21,M,Fes,0688881524,2021-01-05,Google Ads
C00741,Jabiri,Reda,reda.jabiri16@outlook.com,1989-05-15,M,casa blanca,0676962870,2024-05-19,Facebook Ads
C00528,Lahlou,Nadia,nadia.lahlou341@outlook.com,1986-05-16,f,tanger,0610719539,2024-07-01,Google Ads
C00540,Bennani,Abdel,abdel.bennani997@hotmail.com,1967-05-21,Homme,tanger ,0649017499,2022-10-11,Influencer
C01054,Tazi,Amina,amina.tazi364@live.ma,1876-06-12,FEMME,fes,0732690870,2023-04-23,Referral
C01274,Bennani,Oumaima,oumaima.bennani210@inemail.ma,1998-05-13,Femme,oujda,0660979859,2020-11-30,Facebook Ads
C01012,Jabiri,Ghita,ghita.jabiri108@inemail.ma,1994-05-14,f,KEN,0672449688,2023-08-13,Google Ads
C00578,Fassi,Laila,laila.fassi695@outlook.com,1988-05-15,FEMME,fes ,0723253224,2021-09-02,Referral
C01074,Tazi,Amina,amina.tazi932@inemail.ma,1968-05-20,F,Al Hoceima,0784490268,2024-05-30,Referral
C00493,Lahbabi,Abdel,abdel.lahbabi917@inemail.ma,2027-04-17,1,tiznit,0663199848,2022-10-03,Influencer
C00397,Lahlou,Rania,rania.lahlou12@protonmail.com,1990-05-15,0,Nador,0710822924,2021-09-06,Facebook Ads
C01399,El Amrani,Meryem,meryem.el amrani493@live.ma,1978-05-18,FEMME,Fez,0644063535,2023-10-26,Email
C00082,Dahbi,Driss,driss.dahbi821@live.ma,1992-05-14,male,Rabat,0679244185,2022-01-30,Facebook Ads
C00914,Benali,Reda,reda.benali183@inemail.ma,1985-05-16,h,marrakech ,0720370954,2023-06-04,TikTok
C01091,Akharraz,Sanaa,sanaa.akharraz761@inemail.ma,1960-05-22,f,nador,0689625763,2024-09-01,Google Ads
C02156,Akharraz,Chaimae,chaimae.akharraz542@outlook.com,1977-05-18,female,rabat,0611492827,2020-06-25,Referral
C00210,Ouazzani,Chaimae,chaimae.ouazzani23@gmail.com,1967-05-21,female,safi,0726445384,2025-01-27,SEO
C00562,Hassani,Ali,ali.hassani909@live.ma,1969-05-20,HOMME,Settat,0736480587,2024-12-22,Google Ads
C00623,Idrissi,Ali,ali.idrissi550@hotmail.com,2004-05-11,Homme,CASA,0637605500,2021-02-26,Google Ads
C02085,El Amrani,Meryem,meryem.el amrani953@inemail.ma,1977-05-18,female,Agadir,0755063823,2024-10-14,Email
C00355,Chakir,Amina,amina.chakir674@hotmail.com,1964-05-21,Femme,  Tanger  ,0611756387,2021-03-28,TikTok
C01322,Fassi,Hassan,hassan.fassi969@live.ma,1881-04-15,HOMME,Sale Ville,0628081314,2024-03-21,Referral
C01117,Bennani,Laila,laila.bennani487@hotmail.com,1993-05-14,f,Fez,0631742644,2020-09-04,Facebook Ads
C02177,El Amrani,Amina,amina.el amrani755@yahoo.fr,1967-05-21,FEMME,casa blanca,0626945350,2021-07-29,Google Ads
C00381,Jabiri,Samir,samir.jabiri189@inemail.ma,1978-05-18,male,HOC,0712015179,2020-03-07,Google Ads
C00584,Fassi,Omar,omar.fassi287@hotmail.com,1976-05-18,HOMME,Hoceima,0795251058,2023-10-28,Google Ads
C01368,Rami,Ahmed,ahmed.rami92@yahoo.fr,2001-05-12,Homme,tiznit,0658016004,2024-01-24,Instagram
C01518,Lahbabi,Omar,omar.lahbabi342@inemail.ma,1986-05-16,M,al hoceima ,0788161731,2021-01-24,Referral
C01659,Tazi,Laila,laila.tazi375@hotmail.com,1957-05-23,female,marrakech,0776010706,2024-02-07,Instagram
C02234,Dahbi,Meryem,meryem.dahbi413@inemail.ma,1990-05-15,0,agadir ,0654714192,2023-10-27,TikTok
C01305,Jabiri,Karim,karim.jabiri523@yahoo.fr,1966-05-21,M,HOC,0758816297,2024-02-09,Referral
C00906,Hassani,Imane,imane.hassani382@live.ma,1971-05-20,Femme,SLA,0711060092,2020-08-02,Instagram
C00455,Idrissi,Samir,samir.idrissi928@outlook.com,1973-05-19,1,Nador Ville,0739050434,2024-10-21,Influencer
C01933,Sbai,Brahim,brahim.sbai3@outlook.com,1990-05-15,M,safi,0788349529,2023-12-20,Google Ads
C01286,Dahbi,Nabil,nabil.dahbi734@protonmail.com,1990-05-15,h,Hoceima,0791836571,2023-05-25,Facebook Ads
C00788,Chakir,Said,said.chakir247@gmail.com,1997-05-13,M,al hoceima,0757238845,2022-12-23,Google Ads
C01853,Lahlou,Yasmin,yasmin.lahlou372@live.ma,2001-05-12,Femme,tetouan ,0745877042,2025-01-15,Instagram
C00228,Idrissi,Amine,amine.idrissi84@hotmail.com,1989-05-15,m,SETT,0722232184,2025-01-06,Email
C01133,Ouazzani,Nabil,nabil.ouazzani948@protonmail.com,1995-05-14,male,rabat,0624956155,2020-05-02,Referral
C00030,Bennani,Brahim,brahim.bennani419@yahoo.fr,2002-05-12,h,OUJ,0748683937,2023-11-21,Email
C00800,Fassi,Brahim,brahim.fassi536@yahoo.fr,1966-05-21,m,Oujda,0712092776,2020-05-12,Influencer
C00730,Chakir,Sanaa,sanaa.chakir76@hotmail.com,1998-05-13,0,Settat Ville,0620343529,2020-06-10,SEO
C00987,Ouazzani,Meryem,meryem.ouazzani121@protonmail.com,1959-05-23,Femme,kenitra ,0644263695,2025-01-01,Referral
C01749,Dahbi,Houda,houda.dahbi252_outlook.com,1980-05-17,Femme,Sale Ville,0726138711,2022-04-08,Instagram
C00229,Akharraz,Mohamed,mohamed.akharraz457@gmail.com,1979-05-18,M,Agadir,0630284415,2023-03-01,Facebook Ads
C01379,Akharraz,Ali,ali.akharraz805@protonmail.com,1969-05-20,1,SETT,0768492621,2020-04-12,Google Ads
C01965,Rami,Omar,omar.rami201@protonmail.com,2002-05-12,m,Fez,0766468105,2022-10-18,Email
C01073,Tazi,Mustapha,mustapha.tazi827@protonmail.com,1985-05-16,male,HOC,0759661702,2020-02-06,Email
C00290,Sbai,Omar,omar.sbai622@gmail.com,1980-05-17,male,NAD,0730981381,2020-03-04,TikTok
C02188,Jabiri,Reda,reda.jabiri456@hotmail.com,1959-05-23,h,fes ,0658539136,2022-09-12,Referral
C01687,Hassani,Mehdi,mehdi.hassani338@inemail.ma,1994-05-14,male,safi ,0655817390,2022-10-16,Referral
C01887,Sbai,Imane,imane.sbai124@yahoo.fr,1969-05-20,0,fes ,0718411037,2024-10-23,Influencer
C01490,Jabiri,Fatima,fatima.jabiri406@gmail.com,1956-05-23,f,CASA,0622031352,2023-02-17,Influencer
C00198,Naciri,Brahim,brahim.naciri162@yahoo.fr,1972-05-19,m,RBT,0615910667,2024-02-26,SEO
C01623,Lahlou,Khadija,khadija.lahlou61@live.ma,1969-05-20,0,settat,0629353979,2025-03-06,Google Ads
C01056,Ouazzani,Sanaa,sanaa.ouazzani676@gmail.com,2006-05-11,0,al hoceima ,0686994349,2023-07-02,SEO
C00459,Naciri,Said,said.naciri25@hotmail.com,2000-05-12,M,Hoceima,0794129142,2024-06-05,Influencer
C00298,Benali,Mehdi,mehdi.benali647@gmail.com,1971-05-20,HOMME,Tiznit Ville,0684033693,2025-01-30,Google Ads
C01077,Akharraz,Meriem,meriem.akharraz811@inemail.ma,1999-05-13,f,Nador,0639975290,2022-08-28,SEO
C01826,Benali,Fatima,fatima.benali808@yahoo.fr,1995-05-14,f,al hoceima ,0793942023,2024-04-02,Instagram
C01850,Sbai,Asmaa,asmaa.sbai587@yahoo.fr,1968-05-20,FEMME,kenitra,0655202165,2023-10-18,SEO
C00690,Dahbi,Fatima,fatima.dahbi955@protonmail.com,1977-05-18,FEMME,Settat Ville,0664421457,2024-12-23,SEO
C02210,Tazi,Mustapha,mustapha.tazi685@live.ma,1972-05-19,HOMME,al hoceima ,0646250950,2025-01-16,Email
C01201,El Amrani,Khadija,khadija.el amrani701@hotmail.com,1995-05-14,F,al hoceima,0624867878,2020-01-06,SEO
C00654,Dahbi,Mustapha,mustapha.dahbi384@outlook.com,1996-05-13,h,Rabat,0786113817,2020-08-13,TikTok
C01363,Moussaoui,Oumaima,oumaima.moussaoui291@protonmail.com,1964-05-21,Femme,rabat ,0757518791,2024-01-20,Facebook Ads
C01072,Lahbabi,Brahim,brahim.lahbabi14@yahoo.fr,1987-05-16,male,tetouan ,0690411964,2022-05-28,Instagram
C01987,Naciri,Laila,laila.naciri384@gmail.com,2008-05-10,FEMME,Safi,0724726965,2021-08-20,Influencer
C01584,Naciri,Hamza,hamza.naciri175@protonmail.com,2000-05-12,M,SETT,0677425226,2022-04-11,Referral
C00500,Akharraz,Mustapha,mustapha.akharraz583@protonmail.com,1973-05-19,M,oujda,0678006116,2022-09-01,SEO
C00732,Fassi,Omar,omar.fassi619@inemail.ma,1877-10-03,1,tanger,0784377548,2022-05-17,Google Ads
C00160,Rami,Brahim,brahim.rami469@gmail.com,2008-05-10,HOMME,Sale,0754230340,2023-06-24,Influencer
C00973,Ouazzani,Abdel,abdel@hotmailcom,2001-05-12,M,Marrakech,0661058647,2022-06-28,SEO
C01000,Naciri,Samir,samir.naciri532@inemail.ma,1984-05-16,male,Tetouan Ville,0687259150,2024-09-12,Facebook Ads
C00013,Bennani,Amine,amine.bennani105@protonmail.com,1965-05-21,Homme,Sale,0656600900,2023-03-05,Email
C01084,Fassi,Imane,imane.fassi168@protonmail.com,1960-05-22,f,Dar el Beida,0756113600,2020-06-15,Facebook Ads
C00537,Tazi,Yasmin,yasmin.tazi762@gmail.com,1970-05-20,FEMME,nador,0663541768,2020-12-30,Facebook Ads
C01496,El Amrani,Ali,ali.el amrani680@hotmail.com,1962-05-22,M,KEN,0747158023,2020-05-09,Influencer
C00491,Dahbi,Soukaina,soukaina.dahbi234@hotmail.com,1988-05-15,0,marrakech ,0758486215,2020-10-05,Google Ads
C00390,Moussaoui,Asmaa,asmaa.moussaoui676@hotmail.com,1980-05-17,female,marrakech ,0793183589,2021-05-16,TikTok
C00165,Lahlou,Rania,rania.lahlou112@inemail.ma,1966-05-21,FEMME,sale,0754506155,2020-03-31,Email
C01006,Idrissi,Salma,salma.idrissi115@outlook.com,1976-05-18,FEMME,agadir,0663414794,2024-03-29,Facebook Ads
C01303,Jabiri,Imane,imane.jabiri370@outlook.com,1976-05-18,female,Tanger Ville,0731849239,2021-12-14,Instagram
C00571,Dahbi,Reda,reda.dahbi911@yahoo.fr,2027-02-11,M,Tanger Ville,0615997180,2021-12-15,Email
C01745,Hassani,Amine,amine.hassani746@hotmail.com,1960-05-22,1,  Tanger  ,0765785959,2024-10-19,Google Ads
C00410,Moussaoui,Khadija,khadija.moussaoui265@yahoo.fr,1964-05-21,Femme,Rabat Ville,0770838623,2024-10-28,Influencer
C00343,Jabiri,Samir,samir@outlookcom,2002-05-12,1,MRK,0641247296,2022-06-16,Facebook Ads
C01470,Lahbabi,Adil,adil.lahbabi825@outlook.com,1962-05-22,1,KEN,0659074470,2022-08-01,SEO
C00606,Sbai,Amina,amina.sbai907@yahoo.fr,1987-05-16,F,Rabat,0633632711,2021-02-05,Google Ads
C00677,Lahlou,Nabil,nabil.lahlou501@gmail.com,1971-05-20,Homme,Nador Ville,0637845315,2023-08-27,Facebook Ads
C01538,Moussaoui,Rachid,rachid.moussaoui466@outlook.com,1985-05-16,HOMME,marrakech ,0733642126,2020-08-19,Email
C00643,Lahbabi,Karim,karim.lahbabi178@live.ma,1958-05-23,h,rabat,0772689644,2020-06-09,Google Ads
C00359,Kadiri,Ali,ali.kadiri547@live.ma,1986-05-16,male,Agadir,0765343779,2021-10-26,Email
C01744,Bennani,Oumaima,oumaima.bennani52@yahoo.fr,1967-05-21,Femme,fes ,0671151032,2021-08-24,Google Ads
C00611,Kadiri,Mohamed,mohamed.kadiri733@hotmail.com,1971-05-20,HOMME,al hoceima ,0637809859,2023-04-10,TikTok
C00954,Sbai,Mustapha,mustapha.sbai255@yahoo.fr,1973-05-19,male,Fes Ville,0675441939,2020-08-16,SEO
C02032,Idrissi,Houda,houda.idrissi412@protonmail.com,1986-05-16,Femme,sale,0664770806,2021-04-10,TikTok
C00955,Jabiri,Ghita,ghita.jabiri184@gmail.com,1965-05-21,0,Oujda,0795615203,2022-06-26,Instagram
C00362,Lahlou,Driss,driss.lahlou159_gmail.com,2000-05-12,male,Sale Ville,0644392465,2021-05-26,Google Ads
C01372,Rami,Rachid,rachid.rami772@live.ma,1974-05-19,HOMME,Kenitra Ville,0771971688,2020-01-06,Instagram
C00837,Tazi,Samir,samir.tazi830@inemail.ma,1880-02-26,m,SAFI,0767384680,2024-08-25,SEO
C01939,Fassi,Nabil,nabil.fassi418@outlook.com,1962-05-22,M,tng,0628791420,2024-06-11,TikTok
C00182,Bennani,Said,said.bennani413@live.ma,1964-05-21,Homme,settat,0788108751,2022-09-26,SEO
C00722,Chakir,Khadija,khadija.chakir79@live.ma,1985-05-16,f,Fez,0691135473,2025-01-08,Instagram
C01882,Naciri,Youssef,youssef.naciri209@protonmail.com,1980-05-17,Homme,Fes Ville,0681942653,2020-09-20,Email
C00835,Hassani,Said,said.hassani511_inemail.ma,1984-05-16,HOMME,casa,0791838954,2020-05-02,Email
C00234,Naciri,Karim,karim.naciri777@gmail.com,1972-05-19,M,Sale Ville,0765148727,2024-11-11,Google Ads
C00498,Lahbabi,Meriem,meriem.lahbabi503@live.ma,1987-05-16,FEMME,fes ,0667768169,2020-02-06,Facebook Ads
C00791,Chakir,Khadija,khadija.chakir590@yahoo.fr,1974-05-19,f,tanger,0762601013,2023-06-24,Email
C00235,Naciri,Brahim,brahim.naciri39@outlook.com,1999-05-13,Homme,sale ,0663122402,2022-04-02,Referral
C00801,Sbai,Amine,amine.sbai127@gmail.com,2008-05-10,m,Tiznit Ville,0643746828,2020-01-02,Instagram
C01931,Sbai,Chaimae,chaimae.sbai657@outlook.com,1990-05-15,f,Rabat,0655032119,2021-05-01,TikTok
C00079,Chakir,Yasmin,yasmin.chakir856@protonmail.com,2006-05-11,f,Kenitra Ville,0690161060,2023-06-19,Email
C00425,Sbai,Samir,samir.sbai267@gmail.com,1971-05-20,m,Hoceima,0648495745,2021-08-20,Influencer
C02160,Lahlou,Mustapha,mustapha.lahlou811@inemail.ma,2008-05-10,m,TANGER,0745365030,2021-09-07,Influencer
C01061,Lahbabi,Karim,karim.lahbabi191@gmail.com,1878-09-05,m,safi,0638215122,2023-11-05,SEO
C01487,Moussaoui,Amine,amine.moussaoui155@protonmail.com,1956-05-23,h,Rabat,0610191149,2021-01-24,Google Ads
C00305,Chakir,Hassan,hassan.chakir491@outlook.com,1967-05-21,Homme,oujda ,0686972056,2020-03-29,Instagram
C00444,Chakir,Laila,laila.chakir610@inemail.ma,2004-05-11,female,casablanca,0753518077,2024-07-19,Facebook Ads
C01334,Naciri,Amina,amina.naciri132@inemail.ma,1977-05-18,FEMME,SLA,0725924978,2021-04-13,Instagram
C01190,Tazi,Mohamed,mohamed.tazi993@yahoo.fr,2003-05-12,m,tetouan,0689575745,2022-12-02,Instagram
C00856,Akharraz,Said,said.akharraz181@live.ma,1991-05-15,h,agadir ,0755783977,2021-08-31,SEO
C02116,Zizi,Brahim,brahim.zizi746_yahoo.fr,1974-05-19,Homme,tetouan ,0661587851,2020-02-10,Influencer
C01818,Akharraz,Hassan,hassan.akharraz568@outlook.com,1988-05-15,Homme,safi,0763148619,2023-07-08,SEO
C01472,Zizi,Ahmed,ahmed.zizi379@inemail.ma,1962-05-22,Homme,HOC,0777025580,2023-10-14,Referral
C00224,Zizi,Soukaina,soukaina.zizi104@inemail.ma,1972-05-19,Femme,kenitra ,0719893106,2020-11-29,SEO
C01236,Bennani,Imane,imane.bennani634@protonmail.com,1998-05-13,F,rabat ,0764712677,2023-09-27,Google Ads
C01650,Chakir,Youssef,youssef.chakir274@protonmail.com,1957-05-23,M,TANGER,0678047801,2025-02-07,Instagram
C01035,Kadiri,Imane,imane.kadiri491@gmail.com,2006-05-11,F,tng,0642447383,2024-04-10,Email
C00050,Sbai,Youssef,youssef.sbai100@outlook.com,2000-05-12,m,oujda,0788831486,2024-03-01,Instagram
C00866,Idrissi,Ghita,ghita.idrissi861@outlook.com,1966-05-21,Femme,SAFI,0782935700,2022-03-14,Influencer
C01751,Rami,Hassan,hassan.rami397@hotmail.com,1972-05-19,male,nador,0679127130,2024-07-23,Influencer
C00389,Hassani,Mustapha,mustapha.hassani121@outlook.com,2008-05-10,1,Fes,0776926628,2022-07-28,SEO
C02017,Moussaoui,Driss,driss.moussaoui67@yahoo.fr,1970-05-20,M,AGD,0616626186,2020-04-13,Google Ads
C01425,Moussaoui,Mustapha,mustapha.moussaoui817@live.ma,1982-05-17,HOMME,Nador,0756253278,2024-11-06,Instagram
C00944,Fassi,Mustapha,mustapha.fassi151@live.ma,1984-05-16,h,Al Hoceima,0688279855,2024-10-08,Google Ads
C01832,Hassani,Reda,reda.hassani610@hotmail.com,1995-05-14,1,Fez,0787083309,2023-04-17,Google Ads
C01950,Moussaoui,Said,said.moussaoui775@yahoo.fr,2006-05-11,Homme,Marrakesh,0722513577,2022-06-28,TikTok
C00735,Dahbi,Mohamed,mohamed.dahbi112@gmail.com,1970-05-20,m,MRK,0731845331,2021-05-05,Facebook Ads
C01026,Fassi,Hassan,hassan.fassi300@protonmail.com,1981-05-17,1,Oujda,0653152945,2022-10-03,Influencer
C01861,Lahbabi,Zineb,zineb.lahbabi80@inemail.ma,1974-05-19,0,Sale Ville,0738203297,2024-09-22,Influencer
C01430,Idrissi,Mustapha,mustapha.idrissi392@inemail.ma,1989-05-15,male,Agadir,0754827714,2020-04-07,SEO
C01156,El Amrani,Mohamed,mohamed.el amrani600@gmail.com,1960-05-22,1,Nador Ville,0630579604,2020-03-15,Email
C00316,Sbai,Ghita,ghita.sbai59@inemail.ma,2027-04-08,female,Hoceima,0736138432,2024-07-04,SEO
C01974,Jabiri,Imane,imane.jabiri324@yahoo.fr,1957-05-23,FEMME,RBT,0762647157,2024-09-04,Referral
C00086,Kadiri,Samir,samir.kadiri795@yahoo.fr,2001-05-12,male,tetouan,0718429833,2024-06-13,Facebook Ads
C00641,Kadiri,Sanaa,sanaa.kadiri664@inemail.ma,2007-05-11,0,nador ,0637624348,2021-12-02,SEO
C00150,Sbai,Adil,adil.sbai670@inemail.ma,2006-05-11,HOMME,settat,0717531619,2023-02-05,SEO
C01988,El Amrani,Ghita,ghita.el amrani222@live.ma,1972-05-19,0,kenitra,0744263221,2020-03-14,Facebook Ads
C00939,Dahbi,Mehdi,mehdi.dahbi124@protonmail.com,1967-05-21,Homme,Fes Ville,0718024377,2022-06-17,Google Ads
C00002,Hassani,Laila,laila.hassani200@protonmail.com,1977-05-18,female,Tetouan Ville,0624305904,2023-11-09,Email
C00019,Ouazzani,Meriem,meriem.ouazzani237@gmail.com,1988-05-15,0,Fez,0635708194,2024-04-09,TikTok
C01702,Idrissi,Houda,houda.idrissi276@hotmail.com,2005-05-11,f,settat ,0772351263,2020-05-26,SEO
C00648,Zizi,Ali,ali.zizi316@protonmail.com,2004-05-11,Homme,tetouan ,0661650472,2025-03-02,Instagram
C01732,Lahlou,Amina,amina.lahlou138@outlook.com,1979-05-18,FEMME,Sale,0710776989,2021-03-31,SEO
C01092,El Amrani,Meriem,meriem.el amrani581@inemail.ma,1896-02-26,0,Settat,0654819596,2021-03-19,TikTok
C00747,Lahbabi,Asmaa,asmaa.lahbabi118@yahoo.fr,1974-05-19,female,al hoceima ,0652974720,2023-08-04,SEO
C00153,Bennani,Soukaina,soukaina.bennani578@outlook.com,1984-05-16,FEMME,Fes,0620526386,2022-02-25,Referral
C02106,Naciri,Salma,salma.naciri238@live.ma,1972-05-19,FEMME,Agadir,0691715751,2023-07-04,SEO
C01670,Dahbi,Ghita,ghita.dahbi509@outlook.com,1962-05-22,female,Tnja,0637197311,2020-04-18,Instagram
C00247,Idrissi,Nabil,nabil.idrissi483@outlook.com,1962-05-22,M,fes,0797836731,2021-01-09,Facebook Ads
C00882,Idrissi,Fatima,fatima.idrissi171@outlook.com,2001-05-12,FEMME,kenitra,0728772414,2020-12-15,Email
C00036,Lahlou,Zineb,zineb.lahlou387@hotmail.com,1996-05-13,0,Nador Ville,0665133300,2022-02-23,SEO
C00504,Jabiri,Ahmed,ahmed.jabiri325@hotmail.com,1988-05-15,1,sale,0655092789,2020-07-23,Influencer
C00839,Fassi,Adil,adil.fassi288@inemail.ma,1991-05-15,HOMME,safi,0755302825,2023-01-16,Email
C00569,Fassi,Meriem,meriem.fassi884@live.ma,1995-05-14,Femme,Hoceima,0725940510,2020-11-17,Email
C01532,Dahbi,Houda,houda.dahbi806@inemail.ma,1997-05-13,0,Dar el Beida,0682051154,2022-01-06,Influencer
C01055,Kadiri,Amine,amine.kadiri926@gmail.com,1998-05-13,1,Fes Ville,0770254507,2021-09-19,Email
C01608,El Amrani,Meryem,meryem.el amrani642@yahoo.fr,1960-05-22,FEMME,al hoceima,0770446666,2022-01-21,TikTok
C01307,El Amrani,Youssef,youssef.el amrani382@protonmail.com,1967-05-21,m,RBT,0696255089,2021-04-29,Facebook Ads
C01234,El Amrani,Rachid,rachid.el amrani887@hotmail.com,1975-05-19,m,safi,0645112407,2022-12-19,Google Ads
C01819,El Amrani,Meriem,meriem.el amrani994@outlook.com,1964-05-21,0,Nador,0682754180,2024-02-06,Google Ads
C00249,Naciri,Reda,reda.naciri484@outlook.com,1965-05-21,h,sale,0628436852,2020-04-20,TikTok
C01468,Lahlou,Hassan,hassan.lahlou273@protonmail.com,1965-05-21,HOMME,HOC,0681645549,2024-12-20,Influencer
C00734,Idrissi,Soukaina,soukaina.idrissi620@inemail.ma,1964-05-21,F,Tiznit Ville,0761065827,2023-08-07,Instagram
C00644,Moussaoui,Amine,amine.moussaoui621@outlook.com,1972-05-19,M,Tetouan,0720739561,2021-07-10,Referral
C01019,Moussaoui,Amine,amine.moussaoui348@hotmail.com,1975-05-19,Homme,agadir,0660082940,2020-05-04,Facebook Ads
C01665,Dahbi,Zineb,zineb.dahbi620@protonmail.com,1998-05-13,f,TIZ,0663642721,2020-12-18,Google Ads
C02108,Lahbabi,Abdel,abdel.lahbabi691@live.ma,1994-05-14,1,MRK,0723761023,2022-08-25,Email
C00964,Ouazzani,Oumaima,oumaima.ouazzani837@yahoo.fr,2000-05-12,female,Kenitra Ville,0758483417,2024-05-28,Influencer
C00141,Bennani,Rania,rania.bennani53@yahoo.fr,1970-05-20,Femme,Kenitra,0674343201,2021-01-20,TikTok
C00521,Fassi,Said,said.fassi205@protonmail.com,1972-05-19,h,  Tanger  ,0689727494,2022-11-23,Email
C01169,Rami,Yasmin,yasmin.rami74@inemail.ma,2000-05-12,female,Tiznit Ville,0696364279,2021-06-16,Facebook Ads
C00458,Benali,Oumaima,oumaima.benali973@outlook.com,1990-05-15,f,al hoceima ,0799796439,2020-02-02,Google Ads
C00716,Idrissi,Salma,salma.idrissi503@protonmail.com,1892-10-11,Femme,marrakech ,0662908270,2024-12-17,TikTok
C01573,Naciri,Nabil,nabil.naciri896@protonmail.com,1987-05-16,male,Kenitra,0693061227,2023-01-12,Influencer
C02036,Ouazzani,Mustapha,mustapha.ouazzani261@yahoo.fr,1991-05-15,h,Agadir,0757504462,2023-01-29,TikTok
C01829,Bennani,Mustapha,mustapha.bennani656@hotmail.com,1989-05-15,M,al hoceima,0712483380,2022-10-12,Email
C00187,Benali,Omar,omar.benali80@outlook.com,2027-04-28,HOMME,Marrakesh,0666682016,2021-12-04,Instagram
C01921,Naciri,Khadija,khadija@outlookcom,1994-05-14,FEMME,SLA,0799373377,2021-03-17,Email
C01059,Chakir,Karim,karim.chakir182@yahoo.fr,1972-05-19,m,marrakech,0611294562,2024-11-03,SEO
C02041,Akharraz,Rachid,rachid.akharraz751_inemail.ma,1991-05-15,male,Oujda,0686120854,2023-05-20,SEO
C00073,Hassani,Said,said.hassani378@inemail.ma,1967-05-21,1,tanger,0772104107,2023-06-13,SEO
C01046,Sbai,Said,said.sbai423@gmail.com,1987-05-16,male,Safi Ville,0734201500,2022-02-26,Influencer
C01388,Naciri,Mohamed,mohamed.naciri888@inemail.ma,1979-05-18,Homme,al hoceima ,0659458666,2023-07-25,Google Ads
C02006,Rami,Meriem,meriem.rami187@outlook.com,1971-05-20,FEMME,Marrakech Medina,0671559591,2023-07-01,SEO
C01543,Hassani,Hamza,hamza.hassani486@yahoo.fr,1998-05-13,1,safi ,0720811695,2020-02-05,Email
C00180,Ouazzani,Reda,reda.ouazzani922@protonmail.com,2000-05-12,1,Tiznit Ville,0647221734,2025-02-24,Instagram
C01511,Moussaoui,Abdel,abdel.moussaoui772@yahoo.fr,1990-05-15,Homme,Fez,0650983721,2021-06-11,Facebook Ads
C00761,Akharraz,Meryem,meryem.akharraz821@live.ma,1968-05-20,F,tiznit,0779427754,2022-04-05,Instagram
C01353,Jabiri,Brahim,brahim.jabiri255@outlook.com,1960-05-22,m,SLA,0788230673,2024-02-18,Facebook Ads
C00162,Tazi,Khadija,khadija.tazi837@inemail.ma,2001-05-12,female,TTA,0683833059,2023-01-22,SEO
C00146,Zizi,Salma,salma.zizi738@live.ma,1974-05-19,Femme,Rabat,0619976458,2022-12-09,SEO
C01716,Jabiri,Adil,adil.jabiri78@hotmail.com,1971-05-20,M,Tetouan,0661530317,2025-01-30,Instagram
C00806,Lahlou,Fatima,fatima.lahlou91@inemail.ma,1989-05-15,Femme,  Tanger  ,0693334410,2022-02-03,Google Ads
C01724,Idrissi,Khadija,khadija.idrissi572@hotmail.com,1986-05-16,F,Sale Ville,0772715910,2020-12-05,Google Ads
C01407,Tazi,Houda,houda.tazi389@hotmail.com,1880-12-23,0,Hoceima,0768096255,2020-04-04,Email
C01130,Naciri,Rachid,rachid.naciri350@outlook.com,2004-05-11,HOMME,Oujda Ville,0710438499,2024-07-23,Facebook Ads
C00312,Tazi,Amine,amine.tazi110@outlook.com,1971-05-20,Homme,TTA,0792125234,2022-05-17,Google Ads
C00560,Bennani,Driss,driss.bennani323@hotmail.com,1998-05-13,HOMME,Casablanca,0687115770,2020-03-16,SEO
C01729,Moussaoui,Salma,salma.moussaoui90@yahoo.fr,1997-05-13,FEMME,SAFI,0762938021,2023-05-25,Instagram
C00547,Lahbabi,Nabil,nabil.lahbabi789@hotmail.com,1892-09-15,Homme,Casablanca,0669762583,2025-01-22,Influencer
C00111,Chakir,Meryem,meryem.chakir404@yahoo.fr,1987-05-16,female,rabat,0690861208,2020-10-22,Email
C01022,Hassani,Karim,karim.hassani958@live.ma,1958-05-23,male,tanger,0724465305,2021-09-30,Referral
C01520,Tazi,Houda,houda.tazi227@gmail.com,1974-05-19,F,tetouan ,0734637969,2021-02-23,TikTok
C01244,Jabiri,Amine,amine.jabiri415@protonmail.com,1994-05-14,h,Marrakech,0621256208,2020-03-12,Influencer
C00731,Fassi,Ines,ines.fassi482@protonmail.com,1975-05-19,female,Nador,0769589132,2022-04-22,SEO
C00749,Bennani,Hamza,hamza.bennani281@hotmail.com,1963-05-22,h,rabat,0734706569,2021-03-14,SEO
C02152,Chakir,Yasmin,yasmin.chakir760@outlook.com,2002-05-12,0,Nador Ville,0755800887,2024-10-22,Instagram
C01579,Dahbi,Meryem,meryem.dahbi141@yahoo.fr,1959-05-23,female,tiznit ,0691737041,2021-01-05,SEO
C00059,Zizi,Houda,houda.zizi69@gmail.com,2003-05-12,0,rabat ,0684674816,2022-02-02,SEO
C00197,Tazi,Fatima,fatima.tazi279@live.ma,1963-05-22,FEMME,nador ,0778555983,2022-10-13,Referral
C00669,Fassi,Hassan,hassan.fassi869@protonmail.com,1994-05-14,m,Tiznit,0675431766,2024-11-07,Email
C01975,Rami,Soukaina,soukaina.rami267@live.ma,1990-05-15,FEMME,oujda ,0759339530,2021-07-24,Facebook Ads
C01175,Naciri,Hassan,hassan.naciri8@inemail.ma,1992-05-14,h,Tiznit,0615640563,2021-11-16,Instagram
C01277,Ouazzani,Ines,ines.ouazzani243@hotmail.com,1992-05-14,f,fes,0629028482,2022-12-30,Influencer
C00099,Lahlou,Mehdi,mehdi.lahlou913@yahoo.fr,1963-05-22,HOMME,KEN,0778284040,2020-12-22,TikTok
C00819,Rami,Rania,rania.rami946@outlook.com,1964-05-21,Femme,settat,0636268818,2023-07-29,Google Ads
C00149,Fassi,Ghita,ghita.fassi635@live.ma,1986-05-16,f,Marrakech,0771605634,2022-02-03,TikTok
C02134,Bennani,Mehdi,mehdi.bennani514@live.ma,1983-05-17,Homme,Sale Ville,0652719028,2020-06-26,TikTok
C01957,Fassi,Ahmed,ahmed.fassi402@outlook.com,1964-05-21,1,sale ,0675145653,2020-11-19,Google Ads
C01576,Naciri,Said,said.naciri936@protonmail.com,1967-05-21,Homme,tng,0614191620,2022-04-28,Facebook Ads
C01283,Zizi,Soukaina,soukaina.zizi553@hotmail.com,1965-05-21,f,tanger ,0680174055,2024-02-09,Instagram
C01296,Akharraz,Salma,salma.akharraz890@protonmail.com,1975-05-19,female,Sale,0677710326,2020-07-28,Facebook Ads
C01781,Lahlou,Meryem,meryem.lahlou853@protonmail.com,1998-05-13,female,TTA,0649842729,2023-11-29,SEO
C01743,Jabiri,Hassan,hassan.jabiri179@gmail.com,1991-05-15,h,HOC,0614362261,2023-05-20,TikTok
C02129,Benali,Houda,houda.benali488@hotmail.com,1973-05-19,FEMME,Nador,0613023574,2024-11-21,Influencer
C01966,Zizi,Sanaa,sanaa.zizi664@inemail.ma,1883-07-11,0,rabat ,0696973489,2020-11-23,Referral
C00767,Akharraz,Ines,ines.akharraz649@hotmail.com,1997-05-13,F,SAFI,0625731275,2023-09-12,Referral
C01750,Dahbi,Hamza,hamza.dahbi934@live.ma,2027-01-24,M,tetouan ,0754170628,2022-07-14,TikTok
C02113,Hassani,Driss,driss.hassani292@protonmail.com,1967-05-21,male,MRK,0770394471,2022-06-07,Google Ads
C01703,Akharraz,Laila,laila.akharraz457_inemail.ma,2008-05-10,F,Safi,0634796678,2021-02-10,Email
C00975,Rami,Asmaa,asmaa.rami426@outlook.com,2003-05-12,f,AGD,0671331294,2021-06-06,SEO
C01930,Lahbabi,Abdel,abdel.lahbabi245@live.ma,2003-05-12,1,sale,0698264438,2021-09-09,Email
C00313,Lahbabi,Ali,ali.lahbabi803@live.ma,1985-05-16,h,Tetouan Ville,0763436070,2021-09-20,Instagram
C01581,Tazi,Ines,ines.tazi869@inemail.ma,2026-06-17,female,rabat,0754696776,2020-10-07,Referral
C00208,Zizi,Adil,adil.zizi51@protonmail.com,1956-05-23,HOMME,Tetouan Ville,0784618850,2022-04-08,TikTok
C01981,Hassani,Yasmin,yasmin.hassani793@outlook.com,1967-05-21,f,Kenitra,0752500868,2020-04-24,Facebook Ads
C00867,Moussaoui,Omar,omar.moussaoui783@yahoo.fr,1980-05-17,1,casa blanca,0672375800,2020-08-25,Referral
C00472,El Amrani,Brahim,brahim@outlookcom,1980-05-17,HOMME,Rabat Ville,0688306842,2023-05-30,TikTok
C00371,Tazi,Fatima,fatima.tazi551@outlook.com,1975-05-19,Femme,Marrakech Medina,0699692417,2023-06-29,SEO
C02074,Hassani,Meriem,meriem.hassani705@inemail.ma,1976-05-18,F,al hoceima,0688470973,2022-05-21,Referral
C00427,Hassani,Imane,imane.hassani268@inemail.ma,1977-05-18,female,Agadir,0721328172,2020-03-08,Instagram
C01616,Lahlou,Driss,driss.lahlou962@live.ma,1960-05-22,M,NAD,0641826980,2021-12-19,Referral
C01924,El Amrani,Hamza,hamza.el amrani576@inemail.ma,1982-05-17,1,Rabat Ville,0619711151,2023-01-19,SEO
C01198,Ouazzani,Driss,driss.ouazzani505@live.ma,1981-05-17,h,Sale,0756206851,2021-01-29,Instagram
C00477,Dahbi,Rachid,rachid.dahbi474@protonmail.com,2000-05-12,Homme,Rabat Ville,0715668405,2021-08-15,Google Ads
C01259,Zizi,Nabil,nabil.zizi653@live.ma,1987-05-16,M,sale ,0786434517,2024-04-30,TikTok
C01253,Akharraz,Fatima,fatima.akharraz75@yahoo.fr,1995-05-14,FEMME,rabat ,0755705619,2021-03-23,Referral
C00505,Idrissi,Hassan,hassan.idrissi373@hotmail.com,1968-05-20,male,SLA,0648568210,2024-09-17,Google Ads
C00454,Zizi,Amina,amina@yahoofr,2000-05-12,Femme,Fes,0656113991,2022-05-06,TikTok
C00202,Lahlou,Amina,amina.lahlou155@gmail.com,2007-05-11,FEMME,Nador,0654965270,2024-09-15,SEO
C01047,Akharraz,Amine,amine.akharraz280@protonmail.com,1959-05-23,m,Sale,0630224364,2024-05-20,Email
C00509,Kadiri,Sanaa,sanaa.kadiri474@outlook.com,1961-05-22,female,MRK,0752768905,2022-06-10,Facebook Ads
C00406,Chakir,Meriem,meriem.chakir162@yahoo.fr,1969-05-20,FEMME,Fes,0783734610,2023-01-16,Referral
C00936,Zizi,Mehdi,mehdi.zizi566@live.ma,1998-05-13,h,  Tanger  ,0673373435,2021-05-05,TikTok
C01413,Dahbi,Imane,imane.dahbi466@inemail.ma,1975-05-19,f,SAFI,0711971999,2021-01-17,Google Ads
C02199,Benali,Meriem,meriem.benali845@hotmail.com,2004-05-11,f,marrakech ,0624074092,2020-03-04,Influencer
C01143,Bennani,Adil,adil.bennani95@live.ma,2005-05-11,m,Al Hoceima,0730002379,2021-06-06,Google Ads
C00961,Bennani,Omar,omar.bennani334@protonmail.com,1962-05-22,1,Marrakech,0775369583,2020-04-04,TikTok
C02161,Rami,Soukaina,soukaina@protonmailcom,1976-05-18,FEMME,agadir,0762632484,2021-11-07,Google Ads
C00358,Dahbi,Nabil,nabil.dahbi785@protonmail.com,1965-05-21,male,al hoceima,0632388767,2024-12-13,Instagram
C00711,Ouazzani,Driss,driss.ouazzani304@protonmail.com,2001-05-12,male,Fes,0715246661,2021-05-02,Instagram
C01408,Bennani,Rachid,rachid.bennani927@protonmail.com,1985-05-16,Homme,casa,0647875241,2020-07-03,SEO
C00435,Bennani,Hamza,hamza.bennani392@hotmail.com,2005-05-11,1,fes,0719314506,2020-12-30,Influencer
C01566,Ouazzani,Meryem,meryem.ouazzani644_protonmail.com,1989-05-15,F,settat ,0669733842,2023-05-29,Google Ads
C02103,Lahbabi,Rania,rania.lahbabi635@protonmail.com,1996-05-13,Femme,Sale Ville,0650276314,2024-08-28,Referral
C01415,Bennani,Yasmin,yasmin.bennani500@yahoo.fr,1997-05-13,Femme,Settat,0647625374,2023-10-10,Facebook Ads
C00820,Sbai,Meriem,meriem.sbai760@outlook.com,1975-05-19,Femme,Marrakech,0694438474,2023-04-07,Facebook Ads
C01365,Rami,Rachid,rachid.rami273@hotmail.com,2027-02-18,HOMME,tetouan,0661799347,2021-11-23,Instagram
C00474,Kadiri,Meryem,meryem.kadiri408@outlook.com,1981-05-17,female,tanger ,0757158074,2021-08-05,Google Ads
C01375,Bennani,Yasmin,yasmin.bennani603@yahoo.fr,1957-05-23,female,AGD,0690410932,2023-06-10,Instagram
C00403,Kadiri,Meriem,meriem.kadiri927@live.ma,1987-05-16,f,tng,0753934556,2022-12-08,Instagram
C00461,Kadiri,Youssef,youssef.kadiri910@gmail.com,1985-05-16,HOMME,SAFI,0696996261,2022-01-20,Facebook Ads
C02120,Moussaoui,Sanaa,sanaa.moussaoui893@protonmail.com,1981-05-17,0,KEN,0779009687,2024-11-26,Facebook Ads
C01485,Akharraz,Amina,amina.akharraz507@outlook.com,1996-05-13,FEMME,kenitra,0730692977,2021-12-09,Email
C00745,Sbai,Omar,omar.sbai584@hotmail.com,1994-05-14,M,Tetouan,0772529032,2020-07-10,Influencer
C00908,Jabiri,Ali,ali.jabiri259@protonmail.com,1987-05-16,HOMME,Tiznit,0678043121,2020-03-23,Facebook Ads
C02224,Bennani,Fatima,fatima.bennani391@yahoo.fr,2026-07-04,Femme,settat ,0713380929,2023-12-23,Influencer
C00126,Tazi,Driss,driss.tazi686@gmail.com,2000-05-12,Homme,casablanca,0761482483,2020-01-14,TikTok
C00295,Jabiri,Zineb,zineb.jabiri632@protonmail.com,1971-05-20,F,OUJ,0767486445,2024-07-12,Instagram
C02165,Benali,Ghita,ghita.benali125@inemail.ma,1992-05-14,F,MRK,0743003049,2024-06-21,Instagram
C00821,Fassi,Sanaa,sanaa.fassi369@inemail.ma,1974-05-19,F,safi,0735519742,2023-10-29,TikTok
C01998,Dahbi,Soukaina,soukaina.dahbi831@protonmail.com,1988-05-15,Femme,Sale Ville,0632093112,2024-02-21,Referral
C00510,Dahbi,Amine,amine.dahbi662@outlook.com,1970-05-20,h,Fez,0613718391,2020-11-03,TikTok
C00361,Sbai,Youssef,youssef.sbai531@outlook.com,1891-06-16,HOMME,sale,0712912708,2021-03-15,Google Ads
C00582,Lahlou,Khadija,khadija.lahlou463_gmail.com,1969-05-20,FEMME,Tetouan Ville,0674717944,2020-01-02,Google Ads
C00108,Jabiri,Salma,salma.jabiri511@yahoo.fr,2003-05-12,F,kenitra ,0688295121,2021-05-08,Referral
C00533,Jabiri,Oumaima,oumaima.jabiri116@inemail.ma,1999-05-13,0,oujda ,0734247098,2024-11-13,Instagram
C00652,Kadiri,Mustapha,mustapha.kadiri601@yahoo.fr,1960-05-22,HOMME,kenitra ,0695386667,2020-07-01,Referral
C00666,Akharraz,Hassan,hassan.akharraz319@gmail.com,1996-05-13,M,sale,0726952687,2021-10-16,TikTok
C01255,Sbai,Rachid,rachid.sbai119@outlook.com,1884-08-05,male,al hoceima,0655984239,2022-07-05,Google Ads
C01961,Moussaoui,Chaimae,chaimae.moussaoui217@yahoo.fr,1977-05-18,f,Settat,0617802724,2020-05-06,SEO
C01031,Fassi,Youssef,youssef.fassi253@live.ma,1981-05-17,Homme,Rabat Ville,0737498028,2025-01-21,Google Ads
C01945,Lahlou,Brahim,brahim.lahlou295@protonmail.com,2000-05-12,1,tetouan ,0613029672,2023-08-06,Email
C00299,Jabiri,Nabil,nabil.jabiri375@hotmail.com,1959-05-23,male,Settat,0777259613,2020-10-01,Facebook Ads
C01971,Ouazzani,Imane,imane.ouazzani614@protonmail.com,1984-05-16,F,TTA,0723862208,2022-09-07,Influencer
C00639,Benali,Reda,reda.benali632@inemail.ma,1989-05-15,male,marrakech,0618042731,2021-05-13,Instagram
C01824,Lahbabi,Karim,karim.lahbabi676@gmail.com,1975-05-19,1,fes ,0754479677,2024-06-25,Referral
C01797,Tazi,Khadija,khadija.tazi136@outlook.com,1996-05-13,F,al hoceima ,0677529978,2021-06-23,SEO
C01996,Akharraz,Hamza,hamza.akharraz97@hotmail.com,1964-05-21,1,Tetouan,0782400512,2020-05-16,Google Ads
C01390,Ouazzani,Abdel,abdel.ouazzani293@protonmail.com,1961-05-22,h,Fez,0624952346,2024-12-07,Instagram
C01972,Lahbabi,Nabil,nabil.lahbabi423@yahoo.fr,1987-05-16,h,nador ,0622649696,2020-10-12,Facebook Ads
C01522,Naciri,Said,said.naciri760@protonmail.com,1966-05-21,h,Tetouan Ville,0614384831,2024-08-29,Referral
C00078,Kadiri,Abdel,abdel.kadiri372@yahoo.fr,1995-05-14,h,agadir,0628463709,2021-01-28,Instagram
C01177,Chakir,Fatima,fatima.chakir207@outlook.com,1965-05-21,0,Oujda Ville,0781252044,2022-10-31,Email
C00033,Moussaoui,Samir,samir.moussaoui319_live.ma,1994-05-14,m,Al Hoceima,0696934122,2022-08-03,Instagram
C01153,Moussaoui,Youssef,youssef.moussaoui303@yahoo.fr,1979-05-18,Homme,rabat,0720485555,2024-11-21,Google Ads
C01677,Jabiri,Brahim,brahim.jabiri549@outlook.com,1994-05-14,1,nador,0610936049,2023-02-20,Instagram
C02159,Tazi,Yasmin,yasmin.tazi340@protonmail.com,1957-05-23,f,rabat,0712138839,2020-10-28,Email
C00088,Bennani,Mohamed,mohamed.bennani520@inemail.ma,1876-11-04,male,Kenitra Ville,0695318289,2022-08-20,Email
C01499,El Amrani,Salma,salma.el amrani831_outlook.com,1998-05-13,0,oujda,0722897516,2024-11-10,Instagram
C02172,Naciri,Rachid,rachid.naciri487@yahoo.fr,1994-05-14,HOMME,Agadir Ville,0756253163,2022-09-05,Referral
C00825,El Amrani,Ahmed,ahmed.el amrani268@outlook.com,1960-05-22,1,agadir ,0799031467,2024-07-30,SEO
C00484,Moussaoui,Driss,driss.moussaoui815@live.ma,1975-05-19,M,Tiznit,0666015266,2023-12-09,Influencer
C00953,Naciri,Amina,amina.naciri774@hotmail.com,1992-05-14,FEMME,Nador Ville,0654109233,2022-10-05,Influencer
C02058,Moussaoui,Rania,rania.moussaoui908@gmail.com,1998-05-13,female,safi,0696237148,2022-09-17,Facebook Ads
C00335,Idrissi,Hamza,hamza.idrissi129@protonmail.com,1992-05-14,Homme,tiznit,0632402343,2020-06-12,Email
C00884,Kadiri,Mustapha,mustapha.kadiri823@live.ma,1985-05-16,M,Settat,0654315629,2022-08-05,Instagram
C01863,Kadiri,Amine,amine.kadiri525@hotmail.com,1892-12-10,male,Fes Ville,0763498338,2020-02-04,Facebook Ads
C01892,Idrissi,Imane,imane.idrissi235_live.ma,1993-05-14,Femme,Kenitra Ville,0747043197,2025-03-09,Email
C01912,Lahbabi,Houda,houda.lahbabi421@live.ma,1961-05-22,0,SETT,0723591973,2020-02-23,Email
C02148,Zizi,Meryem,meryem.zizi763@inemail.ma,1960-05-22,f,sale ,0633271861,2024-02-15,Facebook Ads
C01897,Bennani,Oumaima,oumaima.bennani100@gmail.com,1983-05-17,FEMME,kenitra ,0654381572,2021-09-08,Influencer
C01740,Bennani,Houda,houda.bennani173@outlook.com,1981-05-17,FEMME,nador ,0786853003,2022-10-23,Google Ads
C01564,Moussaoui,Oumaima,oumaima.moussaoui359@protonmail.com,1961-05-22,female,KEN,0662450843,2024-08-10,Email
C01438,Moussaoui,Ahmed,ahmed.moussaoui50@gmail.com,1990-05-15,h,settat,0637281556,2021-09-14,Facebook Ads
C01521,Fassi,Hamza,hamza.fassi200@yahoo.fr,1997-05-13,Homme,Tnja,0650434140,2020-08-08,TikTok
C01384,Rami,Hassan,hassan.rami29@gmail.com,1991-05-15,M,casablanca,0781592930,2022-02-01,Email
C00855,Fassi,Asmaa,asmaa.fassi742@inemail.ma,1956-05-23,FEMME,Al Hoceima,0689665373,2025-01-08,Referral
C01720,Lahbabi,Youssef,youssef.lahbabi65@yahoo.fr,1987-05-16,1,rabat,0628733307,2021-07-08,Facebook Ads
C01711,Idrissi,Khadija,khadija.idrissi357@outlook.com,1892-09-01,female,Safi,0719024217,2021-05-16,SEO
C01104,El Amrani,Nabil,nabil.el amrani590@gmail.com,1973-05-19,male,kenitra,0775656627,2021-04-09,Facebook Ads
C01568,Lahlou,Ahmed,ahmed.lahlou469@yahoo.fr,1977-05-18,male,Nador Ville,0764442482,2023-06-19,Google Ads
C00324,Moussaoui,Amina,amina.moussaoui365@outlook.com,2001-05-12,F,Tiznit Ville,0792386462,2023-09-20,SEO
C01760,Akharraz,Ahmed,ahmed.akharraz977@protonmail.com,1994-05-14,male,settat ,0623818540,2023-08-14,Email
C00628,Chakir,Oumaima,oumaima.chakir774@gmail.com,1959-05-23,FEMME,agadir,0677922837,2021-06-01,SEO
C00919,Dahbi,Salma,salma.dahbi892@protonmail.com,2008-05-10,f,kenitra ,0736523174,2023-04-23,Influencer
C00559,Fassi,Khadija,khadija.fassi424@hotmail.com,1975-05-19,FEMME,nador ,0729539994,2020-03-01,SEO
C01081,Rami,Hamza,hamza.rami111@yahoo.fr,1996-05-13,male,OUJ,0653325981,2020-11-29,SEO
C01370,Benali,Hassan,hassan.benali369@yahoo.fr,1977-05-18,Homme,Safi,0752665624,2020-07-18,SEO
C02019,Kadiri,Abdel,abdel.kadiri874@inemail.ma,1989-05-15,h,Casablanca,0710502763,2021-06-09,Referral
C00446,Lahlou,Mohamed,mohamed.lahlou250_live.ma,1968-05-20,M,rabat ,0720834405,2020-02-02,SEO
C01357,Benali,Meriem,meriem.benali516@protonmail.com,1990-05-15,f,Hoceima,0683365847,2024-07-27,Email
C01251,Zizi,Youssef,youssef.zizi797@inemail.ma,1977-05-18,HOMME,settat,0679704534,2024-06-07,Facebook Ads
C01316,Lahbabi,Amina,amina.lahbabi949@live.ma,1997-05-13,Femme,Oujda,0633158445,2021-10-29,Instagram
C00545,Rami,Soukaina,soukaina.rami311@live.ma,1969-05-20,Femme,al hoceima ,0750621889,2023-11-14,Facebook Ads
C01069,Akharraz,Karim,karim.akharraz445@inemail.ma,1997-05-13,h,agadir,0612199743,2021-03-20,Email
C01288,Lahlou,Adil,adil.lahlou400@hotmail.com,1959-05-23,M,tetouan ,0746896459,2023-06-14,Email
C02076,Chakir,Meriem,meriem.chakir867@inemail.ma,1961-05-22,F,marrakech ,0639181001,2020-12-05,Google Ads
C00027,Ouazzani,Karim,karim.ouazzani74@gmail.com,1989-05-15,h,Tiznit,0768942178,2025-03-01,Facebook Ads
C01351,Jabiri,Samir,samir.jabiri803@live.ma,1977-05-18,h,safi ,0789231027,2021-02-10,Influencer
C00863,Tazi,Ghita,ghita.tazi677@inemail.ma,2006-05-11,f,marrakech ,0688697675,2021-05-18,Email
C00673,Akharraz,Karim,karim.akharraz949@gmail.com,1978-05-18,h,Tetouan,0789643778,2022-11-21,Email
C01007,Bennani,Laila,laila.bennani937@protonmail.com,1992-05-14,F,Hoceima,0727855290,2021-12-25,Email
C02095,Chakir,Khadija,khadija.chakir223@inemail.ma,1879-02-14,0,agadir ,0790237479,2024-06-28,Email
C01329,El Amrani,Imane,imane.el amrani790@protonmail.com,2001-05-12,FEMME,Dar el Beida,0615617162,2020-09-22,Facebook Ads
C01678,Lahlou,Yasmin,yasmin.lahlou804@yahoo.fr,1976-05-18,FEMME,tanger ,0736058996,2021-06-10,Instagram
C00812,Idrissi,Ahmed,ahmed.idrissi175@live.ma,1974-05-19,h,Rabat,0689022539,2021-08-15,Influencer
C00374,Bennani,Oumaima,oumaima.bennani513@hotmail.com,1890-11-19,female,Rabat,0754770958,2025-03-03,Influencer
C00378,Fassi,Driss,driss.fassi672@live.ma,1988-05-15,HOMME,Tetouan,0634714210,2024-01-13,Referral
C01476,Tazi,Imane,imane.tazi590@hotmail.com,1980-05-17,female,NAD,0670827518,2021-05-05,Google Ads
C00233,Lahlou,Soukaina,soukaina.lahlou334@inemail.ma,2027-04-30,f,Tetouan Ville,0725102023,2023-06-30,Email
C00223,Moussaoui,Amine,amine.moussaoui359@yahoo.fr,1887-10-11,1,al hoceima,0732325567,2022-06-16,Email
C02023,Lahlou,Driss,driss.lahlou419@outlook.com,1975-05-19,h,Nador,0697877765,2020-02-20,Email
C02066,Chakir,Driss,driss.chakir910@outlook.com,1966-05-21,male,TNG,0723439045,2020-04-09,TikTok
C00304,Hassani,Karim,karim.hassani79@live.ma,1995-05-14,male,Rabat,0698732634,2023-05-17,TikTok
C00681,Sbai,Imane,imane.sbai981@outlook.com,1995-05-14,F,Tiznit,0719980384,2024-02-02,Google Ads
C00206,Chakir,Chaimae,chaimae.chakir169@hotmail.com,1982-05-17,FEMME,rabat,0670655283,2024-04-26,Google Ads
C00121,Moussaoui,Driss,driss.moussaoui54@gmail.com,1963-05-22,h,Settat,0683867070,2020-10-08,Instagram
C02180,Zizi,Adil,adil.zizi409@hotmail.com,1977-05-18,HOMME,Nador Ville,0765945823,2021-06-18,SEO
C01855,Moussaoui,Adil,adil.moussaoui32@protonmail.com,1962-05-22,M,rabat ,0732246098,2024-03-29,Influencer
C00174,Jabiri,Hamza,hamza.jabiri192@yahoo.fr,1969-05-20,male,Fes,0728325379,2020-01-20,TikTok
C01220,Lahlou,Driss,driss.lahlou973@live.ma,1971-05-20,HOMME,Safi Ville,0670271621,2020-11-18,Email
C00109,Sbai,Youssef,youssef.sbai904@inemail.ma,2026-07-01,m,Oujda Ville,0645496951,2022-06-01,Referral
C00473,Lahbabi,Houda,houda.lahbabi552@inemail.ma,1966-05-21,FEMME,TNG,0675829146,2022-03-18,Referral
C02157,Fassi,Khadija,khadija.fassi505@outlook.com,1973-05-19,female,SETT,0629564550,2021-02-16,SEO
C02227,Tazi,Mustapha,mustapha.tazi957@protonmail.com,1970-05-20,h,rabat ,0719168351,2024-10-05,Email
C00453,Bennani,Adil,adil.bennani497@gmail.com,1999-05-13,Homme,Oujda Ville,0760128319,2020-12-30,Instagram
C01707,Sbai,Sanaa,sanaa.sbai837@hotmail.com,1981-05-17,0,Nador Ville,0733037865,2023-08-15,Influencer
C01491,Ouazzani,Abdel,abdel.ouazzani799@hotmail.com,1988-05-15,h,KEN,0639083765,2020-10-24,Instagram
C01217,El Amrani,Adil,adil.el amrani201@inemail.ma,2000-05-12,M,Al Hoceima,0693033289,2022-07-09,Instagram
C02127,Hassani,Soukaina,soukaina.hassani714@gmail.com,1973-05-19,F,KEN,0745563149,2024-07-24,Influencer
C00750,Tazi,Ines,ines.tazi169@outlook.com,1982-05-17,f,NAD,0668624154,2024-05-24,Referral
C00258,Jabiri,Nadia,nadia.jabiri205@inemail.ma,1975-05-19,FEMME,marrakech ,0731524980,2022-04-19,SEO
C02121,Moussaoui,Abdel,abdel.moussaoui587@outlook.com,1982-05-17,h,KEN,0736288199,2023-10-06,Referral
C02021,Rami,Meriem,meriem.rami143@gmail.com,2001-05-12,female,KEN,0673668973,2022-05-14,Email
C01534,Sbai,Oumaima,oumaima.sbai937@live.ma,1999-05-13,FEMME,HOC,0670581790,2023-07-08,Facebook Ads
C01763,Kadiri,Karim,karim.kadiri969@hotmail.com,1967-05-21,Homme,Rabat Ville,0714052129,2021-09-04,SEO
C00590,Jabiri,Ghita,ghita.jabiri199@protonmail.com,1965-05-21,female,Rabat Ville,0618730772,2020-05-13,Instagram
C00262,Akharraz,Omar,omar.akharraz279@inemail.ma,1978-05-18,M,tetouan ,0625174194,2024-06-20,Instagram
C01688,Akharraz,Karim,karim.akharraz781@protonmail.com,1979-05-18,1,tiznit,0649679565,2020-02-08,Google Ads
C00979,Idrissi,Nadia,nadia.idrissi209@yahoo.fr,1985-05-16,0,tng,0613466848,2021-10-19,Referral
C00468,Idrissi,Said,said.idrissi729@live.ma,1997-05-13,1,Sale,0631643241,2023-09-26,TikTok
C01709,Dahbi,Ahmed,ahmed.dahbi373@inemail.ma,2007-05-11,1,al hoceima ,0685839021,2023-09-24,Instagram
C00726,Rami,Abdel,abdel.rami142@inemail.ma,1993-05-14,HOMME,NAD,0781467508,2023-01-08,TikTok
C00859,Chakir,Samir,samir.chakir683@yahoo.fr,1995-05-14,1,Safi,0690314752,2020-12-11,SEO
C00135,Hassani,Khadija,khadija.hassani283@outlook.com,1962-05-22,F,Agadir,0792533595,2023-09-14,SEO
C02221,Fassi,Amine,amine.fassi898@yahoo.fr,1991-05-15,M,Nador Ville,0671240454,2024-08-15,Referral
C01985,Rami,Nabil,nabil.rami742@protonmail.com,2026-10-25,HOMME,tetouan ,0791415077,2023-08-03,Google Ads
C00588,Benali,Meriem,meriem.benali21@inemail.ma,1963-05-22,F,Marrakech Medina,0739681939,2023-06-10,TikTok
C01611,Dahbi,Soukaina,soukaina.dahbi937@outlook.com,1975-05-19,FEMME,tanger ,0665325710,2021-06-09,Facebook Ads
C02232,Idrissi,Ali,ali.idrissi86@yahoo.fr,1964-05-21,1,tetouan ,0731349570,2023-07-13,TikTok
C00063,Tazi,Mustapha,mustapha.tazi186@inemail.ma,1966-05-21,1,agadir,0622315507,2023-07-20,TikTok
C01284,Fassi,Chaimae,chaimae.fassi408@hotmail.com,2006-05-11,f,Agadir Ville,0741570584,2023-10-28,Email
C00104,Benali,Sanaa,sanaa.benali972@protonmail.com,1992-05-14,female,casa,0676845536,2022-05-03,Google Ads
C00858,Naciri,Rachid,rachid.naciri322@gmail.com,1998-05-13,male,Safi Ville,0632725849,2022-06-17,Google Ads
C01191,Lahlou,Asmaa,asmaa.lahlou123@live.ma,1958-05-23,Femme,KEN,0749386369,2021-10-01,SEO
C01588,Kadiri,Asmaa,asmaa.kadiri228@outlook.com,1995-05-14,F,kenitra,0642164731,2020-05-20,Instagram
C00601,Sbai,Brahim,brahim.sbai299@yahoo.fr,1975-05-19,M,SLA,0678062865,2020-04-27,SEO
C00257,Chakir,Abdel,abdel.chakir277@live.ma,2000-05-12,1,Settat Ville,0647944260,2022-11-13,Facebook Ads
C00608,Lahbabi,Karim,karim.lahbabi388@protonmail.com,1970-05-20,M,marrakech ,0692681879,2025-03-01,TikTok
C01313,Lahlou,Fatima,fatima.lahlou414@live.ma,1966-05-21,0,rabat ,0774435190,2025-01-16,Influencer
C00039,Lahlou,Asmaa,asmaa.lahlou241@protonmail.com,1990-05-15,0,TNG,0695060193,2022-06-07,Facebook Ads
C01440,Chakir,Samir,samir.chakir345@live.ma,1997-05-13,h,Marrakech Medina,0660170562,2024-04-05,Referral
C02202,Sbai,Asmaa,asmaa.sbai385@outlook.com,1993-05-14,0,Marrakech,0659011649,2022-06-27,Google Ads
C00554,Idrissi,Salma,salma.idrissi33@inemail.ma,1981-05-17,0,Tiznit Ville,0675278845,2023-02-24,Google Ads
C02096,Rami,Hassan,hassan.rami713@protonmail.com,1958-05-23,male,  Tanger  ,0714309791,2023-07-13,Instagram
C00097,Akharraz,Mohamed,mohamed.akharraz256_gmail.com,1975-05-19,male,AGD,0769897763,2021-06-20,TikTok
C01458,Rami,Chaimae,chaimae.rami718@gmail.com,2026-05-25,0,Al Hoceima,0616805868,2023-07-22,Google Ads
C01257,Kadiri,Sanaa,sanaa.kadiri595@protonmail.com,1990-05-15,female,Agadir Ville,0744258271,2020-02-02,Instagram
C00321,Naciri,Said,said.naciri494@gmail.com,1984-05-16,h,tiznit,0652376656,2023-10-18,Email
C01927,Tazi,Mehdi,mehdi.tazi102@inemail.ma,2003-05-12,m,nador ,0623121267,2024-11-30,Google Ads
C01327,Ouazzani,Asmaa,asmaa.ouazzani198@gmail.com,1996-05-13,F,Settat Ville,0638241705,2022-08-20,Influencer
C01062,Akharraz,Mehdi,mehdi.akharraz198@hotmail.com,1963-05-22,HOMME,Agadir Ville,0748663227,2021-01-16,SEO
C01794,Chakir,Yasmin,yasmin.chakir19@inemail.ma,1958-05-23,0,KEN,0638052325,2020-06-15,Email
C00630,Bennani,Meriem,meriem.bennani673@outlook.com,1980-05-17,Femme,Dar el Beida,0632896080,2024-09-19,SEO
C01545,Lahbabi,Ines,ines.lahbabi606@yahoo.fr,1966-05-21,0,TANGER,0672179362,2022-06-11,Instagram
C01856,Sbai,Brahim,brahim.sbai215@gmail.com,2026-11-29,Homme,Safi Ville,0698208325,2021-01-07,Facebook Ads
C00226,Dahbi,Ahmed,ahmed.dahbi622@hotmail.com,2002-05-12,HOMME,Settat,0798663948,2022-04-18,Google Ads
C01817,Chakir,Meriem,meriem.chakir777@protonmail.com,1968-05-20,0,sale,0764306604,2024-03-02,TikTok
C01610,Rami,Soukaina,soukaina.rami859@live.ma,1978-05-18,F,TANGER,0683108701,2024-10-17,Email
C01795,El Amrani,Hamza,hamza.el amrani381@inemail.ma,1983-05-17,Homme,marrakech ,0698593293,2023-11-21,Influencer
C01237,Moussaoui,Ahmed,ahmed.moussaoui775@protonmail.com,1962-05-22,M,safi ,0651551799,2021-03-14,Google Ads
C01416,Akharraz,Chaimae,chaimae.akharraz273@outlook.com,1970-05-20,female,rabat ,0670301220,2023-04-18,SEO
C01015,Hassani,Amine,amine.hassani714@protonmail.com,1994-05-14,Homme,Fes Ville,0682425578,2022-04-13,Referral
C01063,Kadiri,Salma,salma.kadiri181@outlook.com,1974-05-19,Femme,TNG,0635259577,2020-09-10,Instagram
C00948,Benali,Chaimae,chaimae.benali920@outlook.com,1985-05-16,Femme,Tiznit Ville,0778104290,2020-07-21,Facebook Ads
C02071,Moussaoui,Ines,ines.moussaoui374@inemail.ma,1958-05-23,f,Fes Ville,0723985428,2023-05-27,Instagram
C00624,Idrissi,Brahim,brahim.idrissi962@yahoo.fr,1976-05-18,Homme,Sale Ville,0629151794,2021-02-17,Influencer
C00702,Fassi,Nadia,nadia.fassi281@outlook.com,1891-12-15,F,tetouan,0661050068,2020-07-05,Email
C01290,Fassi,Brahim,brahim.fassi328@live.ma,1977-05-18,male,Tiznit,0780382000,2023-08-10,SEO
C01439,Zizi,Rachid,rachid.zizi900@outlook.com,1976-05-18,m,rabat,0619664837,2021-08-05,Google Ads
C00627,Moussaoui,Youssef,youssef.moussaoui281@protonmail.com,1966-05-21,Homme,Safi,0676234781,2024-01-19,Email
C01302,El Amrani,Mehdi,mehdi.el amrani182@hotmail.com,1975-05-19,1,NAD,0785361321,2023-04-26,SEO
C00392,Idrissi,Hamza,hamza.idrissi626@protonmail.com,1970-05-20,Homme,SETT,0714810369,2022-07-21,Facebook Ads
C00609,Fassi,Mustapha,mustapha.fassi55@protonmail.com,2000-05-12,male,Agadir,0738083391,2024-12-19,Facebook Ads
C02124,Dahbi,Hassan,hassan.dahbi969@outlook.com,1995-05-14,Homme,rabat,0764085226,2021-03-08,Email
C00352,Idrissi,Oumaima,oumaima.idrissi159@hotmail.com,1992-05-14,female,Dar el Beida,0734901990,2024-05-08,SEO
C00984,Tazi,Mustapha,mustapha.tazi685@live.ma,1972-05-19,HOMME,al hoceima ,0654015900,2025-01-16,Email
C01870,El Amrani,Zineb,zineb.el amrani451@protonmail.com,1986-05-16,0,SETT,0679333964,2022-09-06,Google Ads
C00890,Kadiri,Karim,karim.kadiri436@protonmail.com,1989-05-15,m,nador ,0760641630,2023-02-21,Email
C01421,Bennani,Abdel,abdel.bennani947@inemail.ma,2008-05-10,M,Tetouan Ville,0622276469,2021-12-20,Facebook Ads
C02109,Ouazzani,Samir,samir.ouazzani520@hotmail.com,1985-05-16,Homme,al hoceima,0661501896,2021-05-25,Instagram
C01878,Bennani,Mohamed,mohamed.bennani642@protonmail.com,1993-05-14,Homme,KEN,0737823865,2020-02-19,Google Ads
C00963,Tazi,Mehdi,mehdi.tazi845@outlook.com,1971-05-20,HOMME,nador ,0742913766,2020-06-29,Referral
C01178,Rami,Reda,reda.rami202@hotmail.com,1962-05-22,male,Safi Ville,0782315471,2024-01-12,Influencer
C01764,Kadiri,Imane,imane.kadiri990@yahoo.fr,1997-05-13,Femme,Kenitra Ville,0620101490,2021-07-18,Email
C01600,Benali,Amine,amine.benali515@yahoo.fr,1974-05-19,HOMME,marrakech ,0782312564,2021-05-18,Facebook Ads
C00365,El Amrani,Ali,ali.el amrani43@yahoo.fr,1999-05-13,h,Fes Ville,0662731823,2020-11-09,Influencer
C00144,Tazi,Rania,rania.tazi577@inemail.ma,1884-01-09,F,tetouan,0749620038,2023-04-11,Instagram
C00487,Dahbi,Asmaa,asmaa.dahbi111@gmail.com,1976-05-18,FEMME,Tnja,0715809144,2025-02-03,Facebook Ads
C01118,Lahbabi,Salma,salma.lahbabi383@live.ma,2004-05-11,female,Oujda Ville,0725549100,2023-04-07,SEO
C01060,Rami,Hassan,hassan.rami597@protonmail.com,1979-05-18,HOMME,CASA,0692217107,2023-09-23,Facebook Ads
C01963,Sbai,Meryem,meryem.sbai594@live.ma,1999-05-13,0,tng,0739151447,2024-05-15,Instagram
C01417,Zizi,Houda,houda.zizi108@inemail.ma,1965-05-21,FEMME,Fes,0652810146,2024-09-06,Email
C00709,Sbai,Karim,karim.sbai814@protonmail.com,1956-05-23,HOMME,tanger,0632215479,2024-11-17,Influencer
C01646,El Amrani,Adil,adil.el amrani944@live.ma,1971-05-20,Homme,tanger,0725937106,2021-05-25,Facebook Ads
C00790,Dahbi,Ali,ali.dahbi194@hotmail.com,1991-05-15,h,MRK,0616693632,2022-06-06,TikTok
C00325,El Amrani,Oumaima,oumaima.el amrani381@live.ma,1972-05-19,FEMME,tiznit ,0763402482,2024-04-14,TikTok
C00844,Zizi,Ahmed,ahmed.zizi615@outlook.com,2004-05-11,1,kenitra,0637386042,2020-06-07,Referral
C01194,Tazi,Houda,houda.tazi188@live.ma,1957-05-23,f,agadir,0683677009,2021-09-29,Google Ads
C01501,Naciri,Youssef,youssef.naciri221@gmail.com,1977-05-18,Homme,kenitra ,0627696823,2024-06-22,Influencer
C00958,Moussaoui,Houda,houda.moussaoui484@inemail.ma,1985-05-16,FEMME,SAFI,0770358769,2021-12-25,Google Ads
C01150,Jabiri,Driss,driss.jabiri212@gmail.com,1985-05-16,M,rabat,0761347982,2025-01-25,Email
C01893,Zizi,Mehdi,mehdi.zizi300@live.ma,1999-05-13,HOMME,settat ,0780596261,2023-11-27,Influencer
C00376,Tazi,Imane,imane.tazi673@outlook.com,1984-05-16,F,safi ,0666013532,2024-11-22,TikTok
C01601,Naciri,Hassan,hassan.naciri756@inemail.ma,1962-05-22,1,tanger,0669766468,2024-09-02,Influencer
C00227,Chakir,Adil,adil.chakir586@live.ma,2026-06-20,1,  Tanger  ,0736799898,2021-08-26,Facebook Ads
C01741,Benali,Chaimae,chaimae.benali896@yahoo.fr,1985-05-16,Femme,RBT,0666105911,2024-04-07,SEO
C00942,Ouazzani,Khadija,khadija.ouazzani706@hotmail.com,1980-05-17,FEMME,AGD,0628793298,2023-05-02,Instagram
C00685,Chakir,Ahmed,ahmed.chakir388@gmail.com,2001-05-12,1,Tetouan,0722823236,2021-09-19,Referral
C01542,Rami,Houda,houda.rami407@hotmail.com,1995-05-14,Femme,Al Hoceima,0765581553,2024-02-26,TikTok
C02149,Fassi,Hassan,hassan.fassi303@gmail.com,1990-05-15,male,Oujda,0654605939,2021-05-25,Referral
C00338,Ouazzani,Oumaima,oumaima.ouazzani139@protonmail.com,1971-05-20,Femme,kenitra ,0780257585,2023-07-26,Google Ads
C01232,Zizi,Youssef,youssef.zizi804@live.ma,2006-05-11,h,Fes,0664590632,2022-08-20,TikTok
C00579,Tazi,Abdel,abdel.tazi965@inemail.ma,2005-05-11,M,fes ,0676166580,2023-04-15,Email
C00171,Lahbabi,Zineb,zineb.lahbabi269@protonmail.com,1975-05-19,0,oujda,0788786439,2022-03-06,Facebook Ads
C00909,Ouazzani,Abdel,abdel.ouazzani608@gmail.com,1998-05-13,Homme,sale ,0686234095,2023-11-29,Instagram
C02137,Fassi,Mohamed,mohamed.fassi352@live.ma,2007-05-11,HOMME,agadir ,0641228500,2021-07-19,TikTok
C01238,El Amrani,Meriem,meriem.el amrani299@protonmail.com,1986-05-16,f,tiznit ,0635043563,2021-08-18,Email
C00433,El Amrani,Amine,amine.el amrani59@live.ma,1995-05-14,1,TNG,0621594582,2023-12-21,Instagram
C00880,Sbai,Abdel,abdel@livema,1982-05-17,1,HOC,0783227680,2021-03-04,Influencer
C00159,Sbai,Rachid,rachid.sbai150@gmail.com,1991-05-15,M,fes ,0743782566,2020-06-06,TikTok
C00256,Chakir,Sanaa,sanaa.chakir50@protonmail.com,1980-05-17,female,settat,0637581060,2022-08-29,SEO
C00661,Bennani,Samir,samir.bennani962@hotmail.com,1964-05-21,Homme,agadir ,0629214803,2021-08-24,SEO
C00762,Chakir,Adil,adil.chakir517@gmail.com,1958-05-23,Homme,Al Hoceima,0784209721,2025-02-20,Instagram
C01689,Ouazzani,Mohamed,mohamed.ouazzani480_outlook.com,1891-11-13,Homme,tetouan ,0726442080,2020-05-05,Referral
C01097,Jabiri,Reda,reda.jabiri709@outlook.com,1983-05-17,HOMME,Casa ,0772505408,2022-10-15,Email
C01712,Tazi,Mohamed,mohamed.tazi117@live.ma,1994-05-14,M,agadir,0640338081,2024-06-18,Email
C00212,Ouazzani,Rachid,rachid.ouazzani36@live.ma,1993-05-14,M,Oujda,0718184472,2024-12-12,Facebook Ads
C01216,Zizi,Mohamed,mohamed.zizi570@protonmail.com,1961-05-22,HOMME,nador ,0735842902,2020-02-13,Instagram
C00331,Chakir,Brahim,brahim.chakir267@yahoo.fr,1973-05-19,1,OUJ,0726272220,2020-02-10,Referral
C01713,Lahlou,Ghita,ghita.lahlou292@protonmail.com,1969-05-20,female,Nador Ville,0649532925,2021-01-29,TikTok
C01694,Zizi,Karim,karim.zizi224@live.ma,1976-05-18,HOMME,Sale,0645332312,2022-04-12,Email
C01200,Lahbabi,Reda,reda.lahbabi708@outlook.com,1956-05-23,Homme,HOC,0627776946,2023-10-06,SEO
C00977,Ouazzani,Fatima,fatima.ouazzani47@outlook.com,1997-05-13,Femme,HOC,0673057193,2020-11-14,SEO
C00405,Kadiri,Omar,omar.kadiri24@live.ma,1968-05-20,m,NAD,0747131272,2021-01-29,Referral
C02203,Tazi,Karim,karim.tazi664@live.ma,1975-05-19,HOMME,CASA,0769749655,2022-06-04,Google Ads
C01179,Tazi,Mustapha,mustapha.tazi604@protonmail.com,2004-05-11,m,  Tanger  ,0652302682,2022-08-07,TikTok
C00551,Sbai,Hamza,hamza.sbai481@yahoo.fr,1976-05-18,m,Al Hoceima,0727603804,2021-11-25,Google Ads
C01995,Bennani,Oumaima,oumaima.bennani433@yahoo.fr,1999-05-13,0,SLA,0687645282,2021-05-05,Instagram
C00922,Moussaoui,Ali,ali.moussaoui548@gmail.com,1999-05-13,male,rabat,0771475863,2021-07-16,TikTok
C01799,Bennani,Laila,laila.bennani877@outlook.com,1984-05-16,F,Marrakech Medina,0785279665,2021-07-18,SEO
C02209,Jabiri,Meriem,meriem.jabiri731@outlook.com,1956-05-23,FEMME,CASA,0681669376,2022-10-09,Email
C01444,Tazi,Salma,salma.tazi224@outlook.com,2008-05-10,FEMME,agadir,0744239462,2022-02-16,Instagram
C01733,Kadiri,Ahmed,ahmed.kadiri498_protonmail.com,1983-05-17,Homme,rabat ,0673619420,2022-05-06,Email
C01507,El Amrani,Hassan,hassan.el amrani251@yahoo.fr,1994-05-14,1,  Tanger  ,0746560856,2024-02-22,Email
C00259,Lahbabi,Brahim,brahim@gmailcom,1972-05-19,male,al hoceima ,0623594977,2020-07-03,Google Ads
C00723,Kadiri,Abdel,abdel.kadiri186@protonmail.com,1966-05-21,M,Agadir Ville,0723948250,2021-08-10,Google Ads
C01126,Bennani,Zineb,zineb.bennani999@yahoo.fr,1969-05-20,Femme,al hoceima ,0748781804,2021-07-03,TikTok
C00317,Kadiri,Meryem,meryem.kadiri630@outlook.com,2026-07-26,FEMME,Kenitra,0763611082,2020-06-26,Referral
C01152,Fassi,Adil,adil.fassi926@hotmail.com,1983-05-17,Homme,Tnja,0672182980,2024-12-12,Instagram
C02201,Dahbi,Nabil,nabil.dahbi734@protonmail.com,1990-05-15,h,Hoceima,0663401001,2023-05-25,Facebook Ads
C00095,Bennani,Youssef,youssef.bennani373@live.ma,1965-05-21,1,settat ,0714670638,2024-10-04,Instagram
C01964,Bennani,Adil,adil.bennani477@inemail.ma,2004-05-11,HOMME,tetouan ,0742891778,2022-06-22,Influencer
C01171,Dahbi,Ali,ali.dahbi814@inemail.ma,1988-05-15,1,Nador,0614938897,2023-12-11,Facebook Ads
C02027,Akharraz,Asmaa,asmaa.akharraz563@inemail.ma,1973-05-19,female,fes,0713936102,2020-02-20,Facebook Ads
C02110,Tazi,Hassan,hassan.tazi276@outlook.com,2007-05-11,male,tng,0791708881,2024-04-03,Google Ads
C00265,Rami,Driss,driss.rami678@protonmail.com,1986-05-16,male,casablanca,0611562947,2020-10-31,Instagram
C01265,Chakir,Ines,ines.chakir785@outlook.com,1988-05-15,FEMME,Settat,0643813544,2024-03-16,TikTok
C01653,Hassani,Rania,rania.hassani302@gmail.com,2002-05-12,F,tanger,0724385841,2020-10-12,Facebook Ads
C01667,Moussaoui,Abdel,abdel.moussaoui346@protonmail.com,1990-05-15,m,Fes,0618693668,2024-07-09,Google Ads
C01371,Ouazzani,Yasmin,yasmin.ouazzani412@inemail.ma,1960-05-22,F,  Tanger  ,0679227788,2024-03-10,Instagram
C00990,Lahbabi,Driss,driss.lahbabi795@gmail.com,1961-05-22,Homme,Rabat,0681559021,2020-11-06,Referral
C01248,Fassi,Rania,rania.fassi79@yahoo.fr,1957-05-23,female,safi,0724610423,2024-04-29,Google Ads
C01017,Idrissi,Salma,salma.idrissi747@gmail.com,2002-05-12,female,tng,0764703681,2023-11-04,Email
C00886,El Amrani,Nadia,nadia.el amrani609@outlook.com,1968-05-20,0,sale ,0635855792,2023-07-11,Google Ads
C01624,Benali,Said,said.benali487@outlook.com,1992-05-14,male,Sale Ville,0633817750,2021-02-23,Referral
C01692,Idrissi,Said,said.idrissi854@yahoo.fr,1980-05-17,M,Kenitra Ville,0797604266,2020-01-22,Email
C00091,El Amrani,Amine,amine.el amrani908@gmail.com,1989-05-15,1,Nador,0743999198,2023-01-17,SEO
C01666,Bennani,Yasmin,yasmin.bennani104@protonmail.com,1977-05-18,FEMME,nador,0672223246,2020-06-13,TikTok
C00196,Benali,Karim,karim.benali976@yahoo.fr,1958-05-23,HOMME,rabat ,0646072958,2022-01-31,Facebook Ads
C02099,Idrissi,Hamza,hamza.idrissi97@protonmail.com,1958-05-23,h,HOC,0665270148,2024-07-15,TikTok
C00943,Benali,Mustapha,mustapha.benali578@yahoo.fr,1989-05-15,male,MRK,0773791651,2023-07-22,Influencer
C01299,Idrissi,Asmaa,asmaa.idrissi535@inemail.ma,1971-05-20,female,Tnja,0738210669,2020-06-25,Email
C01272,Idrissi,Youssef,youssef.idrissi69@inemail.ma,2007-05-11,Homme,Sale Ville,0719013806,2022-12-28,TikTok
C02047,Jabiri,Mohamed,mohamed.jabiri198@live.ma,1986-05-16,male,marrakech ,0794814966,2020-06-13,Email
C01442,Bennani,Youssef,youssef.bennani735@hotmail.com,2006-05-11,male,kenitra ,0726818338,2022-09-07,TikTok
C02034,Fassi,Abdel,abdel.fassi463@yahoo.fr,1958-05-23,h,Fes Ville,0776413366,2020-02-20,Facebook Ads
C00701,Ouazzani,Nadia,nadia.ouazzani683@inemail.ma,1978-05-18,FEMME,Al Hoceima,0635322723,2023-12-06,Instagram
C01697,Kadiri,Brahim,brahim.kadiri512@protonmail.com,1992-05-14,m,sale ,0642378692,2023-04-16,Google Ads
C01360,Bennani,Reda,reda.bennani413@gmail.com,1966-05-21,Homme,Fes Ville,0789246165,2024-12-29,Google Ads
C00549,Rami,Reda,reda.rami298@gmail.com,1977-05-18,HOMME,Hoceima,0741125867,2023-10-21,SEO
C00155,Lahlou,Rania,rania.lahlou191@protonmail.com,1984-05-16,F,tetouan ,0619865900,2024-06-22,Facebook Ads
C00995,Fassi,Meriem,meriem.fassi779_yahoo.fr,1989-05-15,F,SETT,0741162829,2023-05-10,Influencer
C01634,Dahbi,Salma,salma.dahbi324@gmail.com,2000-05-12,F,SETT,0784784959,2022-08-11,SEO
C00276,Zizi,Omar,omar.zizi597@live.ma,1963-05-22,HOMME,kenitra ,0766691738,2024-09-19,SEO
C00470,Idrissi,Oumaima,oumaima.idrissi125@gmail.com,1977-05-18,Femme,KEN,0730945115,2025-03-15,SEO
C00315,Bennani,Ahmed,ahmed.bennani483@live.ma,2004-05-11,h,Tiznit,0661583363,2023-06-01,Email
C02045,Lahbabi,Zineb,zineb.lahbabi739@protonmail.com,2001-05-12,female,casa blanca,0646879169,2023-03-25,Instagram
C00913,Fassi,Hassan,hassan.fassi920@yahoo.fr,1962-05-22,M,TTA,0656555725,2022-12-29,Influencer
C00688,Rami,Adil,adil.rami188@hotmail.com,1957-05-23,HOMME,tetouan ,0650961563,2022-05-26,Facebook Ads
C00532,Fassi,Amine,amine.fassi188@gmail.com,1998-05-13,m,Tnja,0715474970,2025-01-07,Influencer
C00181,Moussaoui,Karim,karim.moussaoui849@outlook.com,1965-05-21,HOMME,RBT,0794263610,2023-07-19,Email
C00101,Kadiri,Brahim,brahim.kadiri844@live.ma,1988-05-15,Homme,tetouan ,0727224779,2023-10-24,Instagram
C00873,Lahlou,Amine,amine.lahlou963_gmail.com,1975-05-19,Homme,Al Hoceima,0631064869,2022-09-20,Google Ads
C01849,Chakir,Rachid,rachid.chakir399@live.ma,2008-05-10,male,MRK,0657504684,2022-08-08,Email
C01320,Naciri,Rachid,rachid.naciri626@protonmail.com,1997-05-13,1,nador ,0710360788,2024-10-02,Instagram
C01449,Moussaoui,Youssef,youssef.moussaoui430@protonmail.com,1997-05-13,Homme,Tiznit,0759666464,2020-10-16,Referral
C01096,Chakir,Amina,amina.chakir902@hotmail.com,2001-05-12,Femme,safi,0746247757,2024-11-16,SEO
C00815,Idrissi,Mehdi,mehdi.idrissi361@protonmail.com,1987-05-16,male,Settat,0798374850,2020-10-13,Google Ads
C00443,Fassi,Sanaa,sanaa@outlookcom,2008-05-10,f,oujda,0671228059,2021-09-21,Instagram
C02008,El Amrani,Omar,omar.el amrani726@inemail.ma,1885-02-16,HOMME,casablanca,0663865025,2020-03-07,Referral
C01411,Kadiri,Fatima,fatima.kadiri444@live.ma,1968-05-20,FEMME,marrakech ,0792458705,2023-10-28,Facebook Ads
C00488,Chakir,Ahmed,ahmed.chakir943@live.ma,1996-05-13,1,nador,0647228730,2020-07-04,Referral
C00291,Lahlou,Ali,ali.lahlou306@protonmail.com,1958-05-23,M,Fes,0626540343,2020-01-23,SEO
C02107,Sbai,Khadija,khadija.sbai670@protonmail.com,1886-11-28,female,RBT,0678771458,2023-10-11,TikTok
C01847,El Amrani,Hassan,hassan.el amrani754@live.ma,1970-05-20,m,Kenitra Ville,0646119979,2020-05-21,SEO
C00763,Bennani,Amina,amina.bennani448@gmail.com,1971-05-20,0,casa,0686744869,2023-01-18,Email
C02029,Bennani,Mohamed,mohamed.bennani452@gmail.com,1989-05-15,Homme,Kenitra Ville,0715850133,2024-11-22,SEO
C00028,Akharraz,Yasmin,yasmin.akharraz553@hotmail.com,1970-05-20,Femme,Fes Ville,0713471527,2021-10-22,Facebook Ads
C01761,Naciri,Rachid,rachid.naciri923@inemail.ma,2003-05-12,h,Safi,0625359560,2022-07-08,Influencer
C00387,Ouazzani,Laila,laila.ouazzani736@protonmail.com,2001-05-12,Femme,Agadir,0778674708,2020-06-23,Instagram
C01932,Dahbi,Sanaa,sanaa.dahbi989@protonmail.com,2004-05-11,0,sale ,0732443981,2021-12-06,Referral
C02155,Fassi,Nabil,nabil.fassi948@outlook.com,2003-05-12,Homme,Tetouan Ville,0732884017,2025-03-15,Email
C00599,Chakir,Amina,amina.chakir610@protonmail.com,1958-05-23,female,casa,0757699801,2020-09-15,Email
C01871,Ouazzani,Rachid,rachid.ouazzani377@live.ma,2002-05-12,HOMME,Tanger Ville,0716899631,2021-09-23,Facebook Ads
C01095,Dahbi,Amina,amina.dahbi78@yahoo.fr,2007-05-11,F,HOC,0729037185,2020-09-02,Google Ads
C00986,Idrissi,Khadija,khadija.idrissi12@live.ma,1986-05-16,FEMME,TTA,0770680386,2023-03-28,TikTok
C01942,Tazi,Fatima,fatima.tazi991@inemail.ma,1999-05-13,0,MRK,0611027542,2023-04-27,Email
C01938,Hassani,Ghita,ghita@inemailma,1982-05-17,FEMME,nador,0723460777,2023-10-08,Influencer
C01478,Dahbi,Salma,salma.dahbi309@inemail.ma,1989-05-15,F,tiznit,0739529338,2022-07-16,Influencer
C01748,Lahlou,Said,said.lahlou298@outlook.com,1960-05-22,HOMME,tetouan,0640587363,2025-01-16,TikTok
C01885,Moussaoui,Ali,ali.moussaoui831@gmail.com,2000-05-12,HOMME,Fes,0792371910,2021-03-26,SEO
C02237,Lahbabi,Salma,salma.lahbabi383@live.ma,2004-05-11,female,Oujda Ville,0759969465,2023-04-07,SEO
C01787,Moussaoui,Sanaa,sanaa.moussaoui776@live.ma,1997-05-13,0,tetouan,0689293994,2021-11-14,TikTok
C00518,Ouazzani,Ali,ali.ouazzani959@inemail.ma,1989-05-15,m,fes,0794738725,2025-02-18,Referral
C00917,Idrissi,Fatima,fatima.idrissi589@live.ma,1881-10-07,FEMME,Agadir,0766701227,2023-10-04,SEO
C01170,Moussaoui,Meryem,meryem.moussaoui33@hotmail.com,1966-05-21,Femme,HOC,0778300164,2022-07-15,Google Ads
C01854,Kadiri,Fatima,fatima.kadiri860@live.ma,1967-05-21,F,Kenitra,0724229923,2022-11-19,Email
C01571,Akharraz,Driss,driss.akharraz335@outlook.com,2006-05-11,h,safi,0663245195,2022-07-28,Email
C00831,Fassi,Sanaa,sanaa.fassi290@gmail.com,1970-05-20,f,Oujda,0691352565,2021-08-21,Email
C00351,Jabiri,Youssef,youssef.jabiri573@yahoo.fr,1977-05-18,1,al hoceima ,0772866875,2021-12-13,Google Ads
C00729,Dahbi,Nabil,nabil.dahbi848@outlook.com,2000-05-12,M,Marrakech,0713536218,2020-10-20,Email
C00201,Sbai,Yasmin,yasmin.sbai567_hotmail.com,1972-05-19,Femme,agadir,0759428849,2021-05-11,Influencer
C00037,Akharraz,Asmaa,asmaa.akharraz508@gmail.com,1971-05-20,0,Tetouan,0723383077,2024-09-26,Influencer
C01515,Benali,Omar,omar.benali457@outlook.com,1997-05-13,M,Safi Ville,0753865505,2020-03-29,Google Ads
C01828,Benali,Brahim,brahim.benali4@outlook.com,2005-05-11,HOMME,safi ,0732745303,2021-11-17,Google Ads
C00655,El Amrani,Amine,amine.el amrani829@inemail.ma,1982-05-17,M,Al Hoceima,0620711890,2020-08-11,Google Ads
C00956,Moussaoui,Nadia,nadia.moussaoui514@yahoo.fr,1975-05-19,F,MRK,0686639453,2025-03-14,Instagram
C02117,Ouazzani,Mustapha,mustapha.ouazzani210@yahoo.fr,1985-05-16,h,Sale,0712502696,2022-06-09,Google Ads
C00851,Sbai,Houda,houda.sbai121@gmail.com,1976-05-18,female,AGD,0634147877,2023-07-19,Influencer
C00832,Bennani,Nadia,nadia.bennani961@live.ma,1963-05-22,Femme,Casablanca,0669531177,2025-02-17,Google Ads
C02226,Tazi,Samir,samir.tazi699@hotmail.com,1992-05-14,male,agadir,0741847797,2020-03-28,SEO
C00114,Dahbi,Nadia,nadia.dahbi816@protonmail.com,1885-10-15,0,SLA,0616892773,2021-06-27,Influencer
C00140,Hassani,Karim,karim.hassani576@hotmail.com,1973-05-19,1,safi,0654327148,2021-06-06,Facebook Ads
C01426,Ouazzani,Houda,houda.ouazzani424@inemail.ma,1969-05-20,female,oujda,0737136755,2020-10-16,Google Ads
C01349,Hassani,Asmaa,asmaa.hassani39@gmail.com,1992-05-14,female,Casablanca,0685553948,2023-02-04,Google Ads
C00282,Hassani,Hassan,hassan.hassani41@outlook.com,1970-05-20,m,Al Hoceima,0775840632,2023-06-14,Referral
C01269,Rami,Yasmin,yasmin.rami756@yahoo.fr,1982-05-17,f,casa blanca,0688176784,2022-12-04,Influencer
C01021,Jabiri,Samir,samir.jabiri224@yahoo.fr,1965-05-21,h,Rabat Ville,0669149428,2023-03-21,Instagram
C02013,Fassi,Brahim,brahim@protonmailcom,1966-05-21,HOMME,fes,0621591136,2023-09-22,Google Ads
C00565,Zizi,Youssef,youssef@gmailcom,1980-05-17,HOMME,Fes Ville,0741688446,2022-07-17,TikTok
C02086,Chakir,Ghita,ghita.chakir548@protonmail.com,2008-05-10,0,Kenitra Ville,0764543706,2023-07-18,TikTok
C00137,El Amrani,Amine,amine.el amrani297@outlook.com,1962-05-22,male,Rabat Ville,0741796721,2024-05-01,Google Ads
C00557,Jabiri,Ghita,ghita.jabiri158@protonmail.com,1956-05-23,FEMME,al hoceima,0710884169,2022-06-18,TikTok
C00751,Akharraz,Reda,reda.akharraz575@inemail.ma,1996-05-13,HOMME,tiznit,0653450650,2023-06-16,Referral
C00610,Rami,Asmaa,asmaa.rami521@hotmail.com,1967-05-21,FEMME,CASA,0734024774,2022-11-28,Referral
C00740,Tazi,Imane,imane.tazi639@inemail.ma,2006-05-11,Femme,Fez,0638027431,2022-03-04,Facebook Ads
C02057,Benali,Reda,reda.benali644@yahoo.fr,2003-05-12,1,HOC,0743384189,2023-08-17,Email
C01834,Dahbi,Abdel,abdel.dahbi131@outlook.com,1971-05-20,M,Fes,0631065267,2020-09-24,Facebook Ads
C00169,Lahlou,Hamza,hamza.lahlou574@hotmail.com,1994-05-14,male,RBT,0763094168,2021-01-16,SEO
C00008,Jabiri,Abdel,abdel.jabiri345@protonmail.com,1983-05-17,1,  Tanger  ,0693517915,2025-02-26,SEO
C01541,Benali,Hamza,hamza.benali629@protonmail.com,1976-05-18,m,TIZ,0735429761,2024-04-17,Influencer
C01977,El Amrani,Imane,imane.el amrani785@outlook.com,1982-05-17,f,tiznit ,0712923920,2021-04-18,Influencer
C01441,Zizi,Youssef,youssef.zizi35@gmail.com,1977-05-18,M,tetouan,0663389592,2023-08-12,Email
C01497,Tazi,Mohamed,mohamed.tazi75@inemail.ma,1968-05-20,m,Fes Ville,0719666479,2022-05-26,Facebook Ads
C01620,Zizi,Nadia,nadia.zizi846@protonmail.com,2007-05-11,female,marrakech ,0745501578,2020-09-29,Instagram
C01395,El Amrani,Ahmed,ahmed.el amrani528@gmail.com,1983-05-17,1,tiznit,0667040474,2022-11-19,Referral
C00302,El Amrani,Sanaa,sanaa.el amrani106@protonmail.com,1968-05-20,Femme,SETT,0660554391,2021-06-23,Email
C02183,Zizi,Driss,driss.zizi757@protonmail.com,1999-05-13,HOMME,tetouan ,0621474449,2020-03-28,Referral
C00308,Hassani,Hassan,hassan.hassani71@outlook.com,2000-05-12,M,Sale Ville,0730073763,2024-10-26,Facebook Ads
C00163,Lahbabi,Said,said.lahbabi852@protonmail.com,1958-05-23,HOMME,OUJ,0742483531,2020-10-12,Google Ads
C01403,Idrissi,Fatima,fatima@hotmailcom,1979-05-18,f,Marrakech,0678172295,2025-02-06,Influencer
C00694,El Amrani,Driss,driss.el amrani914@live.ma,2005-05-11,h,safi ,0757498680,2021-11-03,Facebook Ads
C00640,Sbai,Asmaa,asmaa.sbai385@outlook.com,1993-05-14,0,Marrakech,0728021013,2022-06-27,Google Ads
C02206,Tazi,Mustapha,mustapha.tazi685@live.ma,1972-05-19,HOMME,al hoceima ,0757787663,2025-01-16,Email
C01080,Sbai,Imane,imane.sbai668@protonmail.com,2003-05-12,F,tanger,0794005516,2020-10-29,Email
C00367,Akharraz,Mehdi,mehdi.akharraz793@protonmail.com,2000-05-12,1,kenitra ,0685318641,2022-03-20,TikTok
C00085,Jabiri,Mustapha,mustapha.jabiri778@protonmail.com,1894-08-27,m,Al Hoceima,0738944689,2020-02-08,Instagram
C01437,Sbai,Said,said.sbai103@inemail.ma,1996-05-13,m,tng,0657495033,2023-02-01,Referral
C00161,Rami,Ines,ines.rami329@live.ma,1996-05-13,0,RBT,0749117508,2022-03-26,Influencer
C02078,Dahbi,Meriem,meriem.dahbi701@yahoo.fr,1966-05-21,f,nador,0625125619,2022-11-13,Email
C00040,Sbai,Salma,salma.sbai48@yahoo.fr,1990-05-15,Femme,safi,0785957578,2021-05-15,Instagram
C02020,Bennani,Adil,adil.bennani38@yahoo.fr,1995-05-14,HOMME,tiznit,0776732339,2020-01-18,TikTok
C00965,Idrissi,Amine,amine.idrissi234@hotmail.com,1996-05-13,HOMME,agadir ,0628826712,2021-06-06,Facebook Ads
C01674,Kadiri,Said,said.kadiri944@gmail.com,2004-05-11,h,AGD,0781150044,2021-04-02,Instagram
C01038,Lahbabi,Salma,salma.lahbabi26@inemail.ma,1993-05-14,F,agadir ,0683433653,2020-11-25,Referral
C01141,Akharraz,Fatima,fatima.akharraz369_hotmail.com,1980-05-17,Femme,SLA,0740676379,2021-06-06,Google Ads
C01110,Jabiri,Youssef,youssef.jabiri487@yahoo.fr,2003-05-12,Homme,nador,0671026948,2023-07-16,Email
C00375,Benali,Hamza,hamza.benali364@protonmail.com,1976-05-18,Homme,AGD,0713954845,2021-06-11,Google Ads
C01669,Sbai,Mohamed,mohamed.sbai768@yahoo.fr,1962-05-22,M,Marrakech Medina,0716839427,2020-08-30,Google Ads
C00399,Jabiri,Karim,karim.jabiri914@inemail.ma,1987-05-16,h,rabat ,0679937264,2025-03-15,Google Ads
C00481,Hassani,Hassan,hassan.hassani366@outlook.com,1985-05-16,M,Safi,0648903840,2021-12-30,Google Ads
C02079,Lahbabi,Abdel,abdel.lahbabi269_hotmail.com,1988-05-15,male,safi ,0712932319,2022-03-04,TikTok
C00875,Dahbi,Ghita,ghita.dahbi761@inemail.ma,1999-05-13,f,tanger,0691294547,2022-03-12,Google Ads
C00236,El Amrani,Adil,adil.el amrani943@yahoo.fr,2007-05-11,HOMME,al hoceima ,0775984013,2021-09-28,Facebook Ads
C00616,Ouazzani,Oumaima,oumaima.ouazzani289@inemail.ma,1983-05-17,FEMME,Tanger Ville,0673351303,2024-03-31,Instagram
C01612,Rami,Omar,omar.rami982@yahoo.fr,1995-05-14,m,al hoceima ,0764974875,2023-07-24,Google Ads
C01881,Lahlou,Reda,reda.lahlou855@yahoo.fr,2002-05-12,Homme,Casa ,0799609973,2024-09-11,Influencer
C01183,Lahbabi,Nabil,nabil.lahbabi82@yahoo.fr,1893-07-09,M,  Tanger  ,0732685833,2024-03-14,Google Ads
C01366,Naciri,Mohamed,mohamed.naciri846@protonmail.com,2027-02-24,M,Nador,0645690939,2024-06-04,Email
C00971,Naciri,Amine,amine.naciri915@protonmail.com,1999-05-13,h,SAFI,0623542098,2021-09-23,SEO
C00232,Lahbabi,Amine,amine.lahbabi434@gmail.com,1981-05-17,M,rabat,0752916049,2020-10-29,Facebook Ads
C01860,Hassani,Oumaima,oumaima.hassani830@hotmail.com,1971-05-20,FEMME,Tanger Ville,0766467984,2023-07-08,Influencer
C02055,Fassi,Yasmin,yasmin.fassi379@live.ma,1983-05-17,f,TANGER,0684219322,2023-10-23,Instagram
C00838,Lahlou,Nadia,nadia.lahlou880@live.ma,1972-05-19,FEMME,TTA,0661176016,2021-06-16,Influencer
C01680,Benali,Brahim,brahim.benali699@protonmail.com,1981-05-17,h,tetouan ,0729063958,2023-03-29,Facebook Ads
C01163,Tazi,Reda,reda.tazi249@outlook.com,1966-05-21,Homme,fes,0668468386,2024-12-26,Email
C00635,Rami,Amine,amine.rami405@hotmail.com,1995-05-14,male,marrakech ,0797777422,2020-01-31,Referral
C00323,Naciri,Amina,amina.naciri970@protonmail.com,1996-05-13,0,Fes,0645622106,2024-02-15,TikTok
C00516,Ouazzani,Khadija,khadija.ouazzani372@hotmail.com,1956-05-23,Femme,Safi,0698882124,2025-01-27,SEO
C00157,Idrissi,Mehdi,mehdi.idrissi571@live.ma,1888-06-29,M,tetouan ,0690117857,2023-02-09,Referral
C02040,Dahbi,Adil,adil.dahbi888_live.ma,1962-05-22,1,SLA,0714279007,2020-05-02,Instagram
C00416,Naciri,Samir,samir.naciri211@protonmail.com,1989-05-15,Homme,Oujda,0756206415,2021-09-15,Facebook Ads
C01793,Moussaoui,Mohamed,mohamed.moussaoui944_hotmail.com,1890-01-14,h,sale,0611691339,2020-01-24,Google Ads
C01822,Hassani,Hamza,hamza.hassani637@protonmail.com,1962-05-22,1,Oujda,0628342286,2020-10-15,TikTok
C00327,Akharraz,Amine,amine.akharraz334@yahoo.fr,1992-05-14,m,sale,0792286747,2021-07-05,Referral
C01884,Dahbi,Amine,amine.dahbi471@gmail.com,1984-05-16,male,tetouan ,0628730063,2020-06-08,Referral
C01591,El Amrani,Ghita,ghita.el amrani579@inemail.ma,1981-05-17,Femme,Dar el Beida,0776647695,2021-07-25,Facebook Ads
C01075,Lahbabi,Zineb,zineb.lahbabi989@yahoo.fr,1972-05-19,female,Safi,0643433510,2023-04-29,Influencer
C01159,Ouazzani,Youssef,youssef.ouazzani806@gmail.com,1998-05-13,M,al hoceima ,0756001399,2020-06-12,Referral
C00967,Jabiri,Oumaima,oumaima.jabiri342@protonmail.com,2004-05-11,FEMME,Fes Ville,0681371946,2024-05-17,Instagram
C01765,Dahbi,Ahmed,ahmed.dahbi702@gmail.com,1984-05-16,male,Safi Ville,0762601689,2022-08-25,Instagram
C02169,Naciri,Karim,karim.naciri377@inemail.ma,1966-05-21,HOMME,Safi,0680536400,2024-12-19,Instagram
C01356,Bennani,Oumaima,oumaima.bennani701@protonmail.com,1972-05-19,f,MRK,0729677109,2024-05-16,Facebook Ads
C01182,El Amrani,Meryem,meryem.el amrani219@live.ma,1990-05-15,FEMME,Oujda Ville,0785263223,2025-03-10,Referral
C01589,Kadiri,Youssef,youssef.kadiri548@outlook.com,1973-05-19,Homme,Oujda Ville,0736346840,2022-09-09,SEO
C01213,Lahbabi,Amine,amine@gmailcom,1991-05-15,HOMME,agadir,0622547070,2025-01-03,Referral
C02005,Ouazzani,Yasmin,yasmin.ouazzani630@protonmail.com,1998-05-13,F,tanger,0758926292,2020-10-10,TikTok
C00850,Hassani,Khadija,khadija.hassani236@live.ma,2000-05-12,female,nador ,0788484532,2025-02-05,Instagram
C01742,Idrissi,Said,said.idrissi445@protonmail.com,2004-05-11,1,marrakech ,0740485747,2020-01-07,Referral
C01148,Chakir,Salma,salma.chakir166@protonmail.com,2006-05-11,Femme,Al Hoceima,0771843865,2020-01-02,Influencer
C02083,Kadiri,Karim,karim.kadiri492@gmail.com,2007-05-11,M,RBT,0797510445,2023-11-27,SEO
C01469,Chakir,Meryem,meryem.chakir953@hotmail.com,1993-05-14,female,Hoceima,0698317278,2023-12-27,Email
C01273,Hassani,Amina,amina.hassani960@outlook.com,1988-05-15,F,marrakech,0763863225,2021-02-18,Facebook Ads
C02018,Hassani,Adil,adil.hassani91@outlook.com,1983-05-17,HOMME,tetouan ,0628834844,2020-02-20,Instagram
C00071,Moussaoui,Karim,karim.moussaoui263@outlook.com,1999-05-13,HOMME,CASA,0772270726,2020-12-28,Influencer
C00985,Naciri,Imane,imane.naciri766@inemail.ma,2005-05-11,0,al hoceima,0695178684,2020-01-30,SEO
C00154,Dahbi,Omar,omar.dahbi349@live.ma,1970-05-20,m,marrakech,0770471823,2020-03-01,Influencer
C00511,Hassani,Yasmin,yasmin.hassani447@hotmail.com,2006-05-11,FEMME,Oujda Ville,0747281925,2020-02-29,Instagram
C00251,Ouazzani,Said,said.ouazzani591@inemail.ma,1958-05-23,m,Marrakech,0795025258,2023-06-12,Email
C02073,Rami,Ines,ines.rami632@hotmail.com,1984-05-16,0,Oujda,0776909725,2022-07-17,Facebook Ads
C01775,Bennani,Ali,ali.bennani598@hotmail.com,1986-05-16,Homme,Oujda Ville,0688918373,2025-02-03,TikTok
C01833,Ouazzani,Laila,laila.ouazzani438@gmail.com,1969-05-20,female,Sale Ville,0790156892,2020-01-30,TikTok
C01479,Benali,Nadia,nadia.benali508@live.ma,1998-05-13,F,TNG,0722398776,2022-01-24,Google Ads
C02125,Moussaoui,Adil,adil.moussaoui74@protonmail.com,1996-05-13,HOMME,Dar el Beida,0673992031,2022-05-13,SEO
C00087,Lahlou,Meryem,meryem.lahlou736@outlook.com,2008-05-10,Femme,Tnja,0699170406,2022-05-03,Facebook Ads
C00370,Chakir,Mehdi,mehdi.chakir249@live.ma,1956-05-23,M,al hoceima,0650952251,2024-07-05,Influencer
C01391,Hassani,Imane,imane.hassani630@inemail.ma,1977-05-18,F,Fes Ville,0670498656,2024-07-28,Influencer
C01901,Naciri,Chaimae,chaimae.naciri98@inemail.ma,1993-05-14,0,rabat,0628211123,2020-10-15,Instagram
C02205,Akharraz,Yasmin,yasmin.akharraz840@outlook.com,1974-05-19,f,Oujda,0775338134,2022-06-18,Instagram
C01115,Jabiri,Chaimae,chaimae.jabiri456@inemail.ma,2001-05-12,0,Marrakech Medina,0668800423,2024-02-25,Influencer
C00915,Lahbabi,Brahim,brahim.lahbabi310@hotmail.com,1984-05-16,M,Tnja,0761917499,2021-08-06,Influencer
C01306,Sbai,Meryem,meryem.sbai132@yahoo.fr,2001-05-12,FEMME,Rabat Ville,0713408559,2022-05-26,Instagram
C01086,Moussaoui,Houda,houda.moussaoui661@protonmail.com,2005-05-11,FEMME,marrakech,0615660750,2022-09-07,TikTok
C01128,Fassi,Meryem,meryem.fassi195@protonmail.com,1963-05-22,FEMME,NAD,0788081032,2024-06-22,Instagram
C00869,Kadiri,Rachid,rachid.kadiri63@live.ma,1992-05-14,1,Marrakesh,0767069281,2024-07-14,Email
C01997,Lahlou,Abdel,abdel@outlookcom,2008-05-10,Homme,Oujda Ville,0672012067,2021-02-22,Instagram
C00983,Fassi,Karim,karim.fassi85@protonmail.com,1983-05-17,male,Marrakech Medina,0643644452,2021-05-26,Instagram
C00062,Lahlou,Ines,ines.lahlou629@protonmail.com,2007-05-11,FEMME,Nador Ville,0713886030,2023-11-21,Instagram
C01640,Ouazzani,Abdel,abdel.ouazzani517@outlook.com,1972-05-19,male,oujda,0735164704,2021-07-15,Instagram
C01944,Rami,Omar,omar.rami249@yahoo.fr,1987-05-16,1,Fez,0698018173,2024-04-09,Google Ads
C00748,El Amrani,Soukaina,soukaina.el amrani809@hotmail.com,1995-05-14,female,SAFI,0746218400,2024-04-02,Google Ads
C02223,Bennani,Hassan,hassan.bennani74@inemail.ma,2006-05-11,Homme,Nador Ville,0785258542,2024-10-13,Influencer
C00620,Tazi,Karim,karim.tazi936@live.ma,1983-05-17,M,Sale Ville,0681738111,2022-03-11,Email
C01557,Moussaoui,Ghita,ghita.moussaoui958@yahoo.fr,1998-05-13,F,kenitra,0698581654,2023-06-15,SEO
C00841,Benali,Meriem,meriem.benali478@gmail.com,1978-05-18,Femme,oujda,0687788611,2022-04-16,Facebook Ads
C01786,Jabiri,Amine,amine.jabiri324@inemail.ma,2008-05-10,h,Settat Ville,0619834748,2021-02-06,Influencer
C00508,Kadiri,Samir,samir.kadiri185@gmail.com,1975-05-19,1,Oujda Ville,0745961754,2021-03-12,Email
C00664,Bennani,Brahim,brahim.bennani893@outlook.com,1959-05-23,male,NAD,0761224263,2021-12-03,Email
C00014,Bennani,Mohamed,mohamed.bennani13@inemail.ma,1977-05-18,h,KEN,0730534124,2023-07-25,Email
C02186,Naciri,Chaimae,chaimae.naciri517@gmail.com,1985-05-16,f,Dar el Beida,0750122421,2023-10-19,Facebook Ads
C01085,Lahlou,Soukaina,soukaina.lahlou658@inemail.ma,1999-05-13,Femme,  Tanger  ,0731348733,2021-02-28,Facebook Ads
C01752,Tazi,Ahmed,ahmed.tazi869@gmail.com,1968-05-20,Homme,NAD,0671124266,2024-08-23,SEO
C00637,Jabiri,Meryem,meryem.jabiri550@inemail.ma,1972-05-19,FEMME,Casa ,0794674464,2023-05-13,Email
C00717,Bennani,Imane,imane.bennani466@protonmail.com,2002-05-12,f,Tetouan,0690972685,2024-03-16,Facebook Ads
C01877,Tazi,Laila,laila.tazi944@protonmail.com,1967-05-21,female,KEN,0650276848,2021-04-09,Facebook Ads
C02207,Lahlou,Mustapha,mustapha.lahlou811@inemail.ma,2008-05-10,m,TANGER,0716103610,2021-09-07,Influencer
C00525,Jabiri,Meriem,meriem.jabiri731@outlook.com,1956-05-23,FEMME,CASA,0727475058,2022-10-09,Email
C00021,Fassi,Nabil,nabil.fassi998@gmail.com,1964-05-21,HOMME,fes,0723769080,2024-03-21,SEO
C01605,Tazi,Karim,karim.tazi250@protonmail.com,1972-05-19,1,agadir,0677416019,2024-08-19,Facebook Ads
C02214,El Amrani,Amina,amina.el amrani511@gmail.com,1982-05-17,F,nador ,0691013957,2023-05-16,Email
C01638,Bennani,Oumaima,oumaima.bennani586@gmail.com,1969-05-20,Femme,sale,0715853516,2022-06-14,SEO
C01567,Fassi,Brahim,brahim.fassi422@hotmail.com,1989-05-15,h,Nador Ville,0775019257,2023-06-21,SEO
C01544,Bennani,Oumaima,oumaima.bennani138@gmail.com,1972-05-19,0,Rabat Ville,0725706912,2023-04-28,Facebook Ads
C01294,Naciri,Nabil,nabil.naciri809@hotmail.com,1994-05-14,h,TIZ,0655659001,2025-01-20,Email
C01186,Jabiri,Omar,omar.jabiri285@inemail.ma,1958-05-23,male,Settat Ville,0683189524,2024-07-09,Google Ads
C01936,Akharraz,Imane,imane.akharraz779@protonmail.com,1887-11-06,Femme,Tetouan,0673942794,2024-11-24,SEO
C00219,Akharraz,Rania,rania.akharraz345@yahoo.fr,1998-05-13,f,sale,0797131500,2023-08-02,Referral
C00503,Bennani,Laila,laila.bennani118@yahoo.fr,1974-05-19,female,TIZ,0786242300,2024-11-03,Email
C00698,El Amrani,Hassan,hassan.el amrani972@hotmail.com,1991-05-15,HOMME,Rabat,0653605688,2022-10-11,Email
C02154,Bennani,Samir,samir.bennani917@inemail.ma,1964-05-21,HOMME,tanger,0727984855,2020-11-23,Facebook Ads
C02075,Fassi,Omar,omar.fassi784@inemail.ma,1959-05-23,Homme,al hoceima ,0758782294,2020-02-21,Influencer
C01089,Fassi,Amine,amine.fassi938@protonmail.com,1990-05-15,Homme,kenitra,0637056403,2022-03-06,Google Ads
C01762,Fassi,Samir,samir.fassi44@hotmail.com,1995-05-14,m,TTA,0670969959,2020-03-05,Instagram
C00689,Tazi,Abdel,abdel.tazi650@gmail.com,1993-05-14,1,tiznit,0648366253,2020-04-27,Influencer
C01139,Rami,Ghita,ghita.rami622@outlook.com,1963-05-22,Femme,tetouan ,0732599802,2023-10-31,Email
C01696,Bennani,Ines,ines.bennani611@inemail.ma,1992-05-14,female,SAFI,0765229774,2023-10-28,Influencer
C01088,Lahlou,Abdel,abdel.lahlou205_live.ma,1880-09-09,h,casa,0778336772,2020-06-14,Instagram
C02025,Bennani,Soukaina,soukaina.bennani174@outlook.com,1967-05-21,Femme,TTA,0672250122,2023-01-06,Google Ads
C00543,Akharraz,Hamza,hamza.akharraz427@protonmail.com,1971-05-20,M,TNG,0755813124,2022-07-10,Instagram
C00784,Moussaoui,Driss,driss.moussaoui678@hotmail.com,1988-05-15,male,sale ,0749759879,2020-07-07,Facebook Ads
C01783,Lahlou,Houda,houda.lahlou411@outlook.com,1972-05-19,female,Safi Ville,0697112002,2023-01-21,Referral
C00068,Dahbi,Youssef,youssef.dahbi944@gmail.com,1972-05-19,HOMME,tng,0748858073,2023-08-04,Facebook Ads
C00100,Fassi,Amina,amina.fassi27@yahoo.fr,1985-05-16,f,Marrakesh,0618824561,2020-09-22,Google Ads
C01466,Akharraz,Ines,ines.akharraz314@live.ma,1963-05-22,Femme,Marrakech Medina,0796868831,2020-01-18,Email
C00988,Lahlou,Asmaa,asmaa.lahlou685@inemail.ma,1975-05-19,FEMME,oujda,0682923013,2022-05-23,Instagram
C00497,El Amrani,Omar,omar.el amrani511_protonmail.com,1970-05-20,m,tiznit,0620269972,2023-06-27,Influencer
C02101,Ouazzani,Oumaima,oumaima.ouazzani162@protonmail.com,1957-05-23,FEMME,rabat,0768950875,2023-11-29,Email
C01036,Hassani,Rania,rania.hassani453@live.ma,1966-05-21,female,Al Hoceima,0652670676,2021-01-22,SEO
C00280,Hassani,Meryem,meryem.hassani934@protonmail.com,1967-05-21,F,Tiznit,0635970823,2024-02-21,Google Ads
C00186,Ouazzani,Mohamed,mohamed.ouazzani681@protonmail.com,1983-05-17,h,Casablanca,0667610401,2024-03-26,Facebook Ads
C00626,Akharraz,Yasmin,yasmin.akharraz426@outlook.com,1969-05-20,0,Sale,0686318249,2025-02-08,Facebook Ads
C01227,Bennani,Reda,reda.bennani195@hotmail.com,2002-05-12,M,Casa ,0717683639,2023-08-19,SEO
C00288,El Amrani,Hassan,hassan.el amrani56@outlook.com,1973-05-19,HOMME,casa,0764711545,2025-02-08,Email
C02194,Hassani,Mohamed,mohamed.hassani682@yahoo.fr,1999-05-13,h,marrakech ,0688124517,2021-12-16,Referral
C00662,Bennani,Brahim,brahim.bennani896@hotmail.com,1980-05-17,M,Fes Ville,0642662689,2023-01-12,TikTok
C00803,Zizi,Brahim,brahim.zizi653@hotmail.com,2002-05-12,m,Marrakech Medina,0733260196,2023-05-07,Email
C01102,Ouazzani,Meryem,meryem.ouazzani341@yahoo.fr,1980-05-17,f,Safi,0656097583,2020-12-02,Instagram
C01780,Chakir,Yasmin,yasmin.chakir529@inemail.ma,1988-05-15,F,Tnja,0727769791,2023-01-18,SEO
C01910,Tazi,Adil,adil.tazi595@protonmail.com,1982-05-17,h,marrakech ,0743533178,2024-04-17,Instagram
C00391,Fassi,Hamza,hamza.fassi38@outlook.com,1966-05-21,m,tanger ,0616580878,2021-11-09,Facebook Ads
C00268,Lahlou,Youssef,youssef.lahlou846@gmail.com,1969-05-20,Homme,kenitra,0697858385,2023-02-25,Influencer
C01341,Benali,Ines,ines.benali569@gmail.com,1957-05-23,Femme,casa,0665374574,2021-02-28,TikTok
C00705,Zizi,Brahim,brahim.zizi115@gmail.com,1965-05-21,1,AGD,0758504268,2021-11-09,Referral
C01254,Kadiri,Abdel,abdel.kadiri447@live.ma,1968-05-20,m,Kenitra,0693373189,2023-02-23,TikTok
C00817,Zizi,Chaimae,chaimae.zizi850@hotmail.com,2007-05-11,female,Sale Ville,0677032883,2020-07-16,Influencer
C00005,Moussaoui,Yasmin,yasmin.moussaoui328@live.ma,1999-05-13,f,Fez,0618620650,2023-12-17,Email
C01393,Benali,Rania,rania.benali63@inemail.ma,1970-05-20,Femme,Settat Ville,0644216114,2024-08-20,Referral
C00465,Jabiri,Imane,imane.jabiri534_protonmail.com,1965-05-21,f,Rabat,0769573887,2021-12-11,SEO
C01450,Bennani,Hamza,hamza.bennani475@gmail.com,1886-06-15,male,fes ,0656204754,2020-08-22,Instagram
C00530,Tazi,Mehdi,mehdi.tazi444@outlook.com,1988-05-15,M,Hoceima,0758397866,2024-11-20,Email
C01160,Naciri,Houda,houda.naciri911@inemail.ma,1968-05-20,Femme,Kenitra Ville,0789705240,2023-09-29,TikTok
C00774,Dahbi,Zineb,zineb.dahbi367@outlook.com,1966-05-21,FEMME,Nador,0611292919,2021-10-05,Referral
C01710,Idrissi,Sanaa,sanaa.idrissi926@yahoo.fr,1989-05-15,female,rabat,0744768842,2020-03-07,SEO
C00057,Rami,Zineb,zineb.rami130@yahoo.fr,1971-05-20,f,rabat,0770896652,2023-05-08,Email
C01451,Benali,Oumaima,oumaima.benali442@protonmail.com,2002-05-12,F,Rabat,0619063074,2023-09-14,Referral
C01668,Lahlou,Ines,ines.lahlou415@yahoo.fr,2007-05-11,female,  Tanger  ,0634393379,2020-07-25,Facebook Ads
C00822,Kadiri,Asmaa,asmaa.kadiri634@live.ma,1957-05-23,female,AGD,0686390345,2022-02-09,Facebook Ads
C01613,Chakir,Mohamed,mohamed.chakir686@live.ma,2000-05-12,m,Tnja,0675311205,2021-06-24,Email
C02193,Tazi,Ghita,ghita.tazi107@outlook.com,1967-05-21,Femme,TTA,0662815737,2021-09-24,Referral
C01835,Tazi,Omar,omar.tazi576@yahoo.fr,1894-10-16,h,SLA,0768644742,2021-01-08,Instagram
C01983,Fassi,Laila,laila.fassi28@inemail.ma,2005-05-11,f,Safi,0777562491,2022-11-26,Google Ads
C00517,Ouazzani,Adil,adil.ouazzani317@protonmail.com,1985-05-16,HOMME,kenitra ,0669378298,2022-12-31,Email
C00471,Kadiri,Nabil,nabil.kadiri486@yahoo.fr,1960-05-22,HOMME,AGD,0755457454,2020-10-28,Facebook Ads
C01208,Chakir,Chaimae,chaimae.chakir259@inemail.ma,1966-05-21,f,MRK,0694224219,2023-03-22,Influencer
C01264,Bennani,Rachid,rachid.bennani392@live.ma,1982-05-17,Homme,Nador Ville,0685402722,2021-03-19,Influencer
C00442,Tazi,Youssef,youssef.tazi807_protonmail.com,1957-05-23,m,tanger ,0687758465,2023-10-20,TikTok
C00294,Ouazzani,Mehdi,mehdi.ouazzani744@live.ma,1987-05-16,1,CASA,0648270459,2021-04-25,Facebook Ads
C01614,Fassi,Ines,ines.fassi894@gmail.com,1992-05-14,F,Safi Ville,0689453898,2022-12-19,Referral
C02064,El Amrani,Samir,samir.el amrani763@yahoo.fr,2005-05-11,male,Safi,0763230861,2022-03-29,SEO
C00496,Rami,Asmaa,asmaa.rami524@yahoo.fr,1979-05-18,0,tetouan ,0694338531,2022-10-15,Instagram
C01590,Dahbi,Nabil,nabil.dahbi701@gmail.com,2001-05-12,1,RBT,0653947932,2021-10-31,TikTok
C01402,Lahbabi,Reda,reda.lahbabi888@live.ma,1963-05-22,M,Rabat Ville,0626257335,2020-12-09,SEO
C00395,Naciri,Driss,driss.naciri950@outlook.com,1977-05-18,1,SLA,0691793056,2022-10-05,TikTok
C02012,Fassi,Asmaa,asmaa.fassi434@yahoo.fr,1975-05-19,f,tiznit ,0789489729,2021-11-13,Instagram
C00336,Bennani,Nadia,nadia.bennani562_gmail.com,1960-05-22,f,safi ,0621316066,2023-06-19,Email
C00414,Chakir,Oumaima,oumaima.chakir181@yahoo.fr,2004-05-11,0,tiznit ,0753943990,2023-05-06,Influencer
C00589,El Amrani,Rania,rania.el amrani927@protonmail.com,1878-01-06,Femme,fes ,0724890990,2023-07-31,Google Ads
C00344,Jabiri,Ahmed,ahmed.jabiri431@yahoo.fr,1977-05-18,M,MRK,0654325223,2024-06-08,Facebook Ads
C01338,Chakir,Driss,driss.chakir268@inemail.ma,2027-05-01,1,AGD,0714346370,2023-12-25,TikTok
C01106,Benali,Amine,amine.benali820@gmail.com,2004-05-11,M,Safi Ville,0750648859,2024-03-27,TikTok
C00834,Lahbabi,Mehdi,mehdi.lahbabi862@live.ma,1961-05-22,1,Safi,0614814077,2024-01-24,TikTok
C02037,Kadiri,Rachid,rachid.kadiri576@protonmail.com,1966-05-21,h,MRK,0794554626,2023-01-25,Instagram
C01625,Sbai,Asmaa,asmaa@protonmailcom,1967-05-21,f,Nador,0681614472,2020-07-23,SEO
C02054,Idrissi,Omar,omar.idrissi288@inemail.ma,1959-05-23,h,Nador,0777388280,2020-03-19,Referral
C00384,El Amrani,Meriem,meriem.el amrani532@live.ma,1961-05-22,Femme,Safi,0635481281,2024-04-16,Google Ads
C00354,Tazi,Yasmin,yasmin.tazi114@gmail.com,2004-05-11,female,TTA,0637122588,2020-12-31,Facebook Ads
C00860,Lahbabi,Nabil,nabil.lahbabi853_inemail.ma,1972-05-19,male,tng,0749586388,2020-09-15,Facebook Ads
C02128,Rami,Rania,rania.rami666@outlook.com,1976-05-18,FEMME,Fez,0669877900,2021-12-26,Influencer
C01135,Tazi,Reda,reda.tazi176@inemail.ma,1984-05-16,male,Nador,0686670571,2020-11-24,Google Ads
C00267,Bennani,Adil,adil.bennani821@live.ma,1977-05-18,Homme,oujda ,0623776553,2022-10-15,Email
C00253,Moussaoui,Adil,adil.moussaoui320@outlook.com,1976-05-18,h,HOC,0650024028,2024-08-14,Google Ads
C00733,Sbai,Ghita,ghita.sbai434@outlook.com,2003-05-12,female,Al Hoceima,0663741103,2020-09-13,SEO
C00489,Kadiri,Salma,salma.kadiri248@live.ma,2002-05-12,0,Nador Ville,0635709072,2022-12-19,Google Ads
C01556,Idrissi,Amina,amina.idrissi199@live.ma,1882-04-06,0,KEN,0734086771,2020-04-05,Google Ads
C00897,Hassani,Sanaa,sanaa.hassani322@gmail.com,1991-05-15,f,settat,0654649538,2023-06-11,Referral
C00113,Rami,Ali,ali.rami608@yahoo.fr,1976-05-18,M,HOC,0712232974,2021-09-05,Referral
C00175,Kadiri,Nabil,nabil.kadiri419@protonmail.com,1963-05-22,Homme,settat ,0639598969,2020-06-18,Google Ads
C01609,Akharraz,Zineb,zineb.akharraz246@live.ma,1997-05-13,f,tiznit ,0660980034,2020-08-24,Google Ads
C01373,Bennani,Houda,houda.bennani424@live.ma,2002-05-12,f,OUJ,0662951530,2023-06-28,Email
C00143,Sbai,Hassan,hassan.sbai547@protonmail.com,1992-05-14,male,tetouan ,0673013937,2022-08-12,Referral
C00910,El Amrani,Hassan,hassan.el amrani812@inemail.ma,1986-05-16,M,Casablanca,0636898109,2020-01-02,Instagram
C01555,Benali,Oumaima,oumaima.benali897@hotmail.com,2007-05-11,f,Tnja,0618373570,2023-12-17,SEO
C01655,Rami,Said,said.rami57@yahoo.fr,2007-05-11,m,Rabat,0671509466,2021-05-11,Facebook Ads
C01527,Ouazzani,Amina,amina.ouazzani452@gmail.com,2001-05-12,F,tetouan ,0711436957,2022-07-23,Influencer
C00377,Dahbi,Imane,imane.dahbi338@hotmail.com,1995-05-14,female,Fes Ville,0628536762,2023-11-01,Google Ads
C01207,Fassi,Driss,driss.fassi739@yahoo.fr,1964-05-21,male,Casablanca,0764185675,2022-11-23,SEO
C01879,Jabiri,Ali,ali.jabiri399@outlook.com,1986-05-16,1,HOC,0797282022,2023-01-20,Facebook Ads
C01018,Fassi,Brahim,brahim.fassi188@gmail.com,1997-05-13,HOMME,TIZ,0634772080,2022-10-20,Google Ads
C00457,El Amrani,Youssef,youssef.el amrani35@hotmail.com,1978-05-18,Homme,Oujda Ville,0776476033,2020-07-19,TikTok
C00771,Akharraz,Rachid,rachid.akharraz813@inemail.ma,1998-05-13,h,Dar el Beida,0769882277,2022-09-26,Email
C00296,Moussaoui,Hassan,hassan.moussaoui730@protonmail.com,1991-05-15,m,Nador,0774418331,2024-02-10,Influencer
C00833,Sbai,Oumaima,oumaima.sbai540@yahoo.fr,1974-05-19,0,Tiznit,0793466217,2025-01-18,Influencer
C01691,Sbai,Mehdi,mehdi.sbai723@hotmail.com,1984-05-16,1,KEN,0762939127,2021-11-11,Email
C01867,Rami,Nabil,nabil.rami230@yahoo.fr,1976-05-18,Homme,Safi,0791533503,2023-09-16,Influencer
C01167,Sbai,Karim,karim.sbai696@protonmail.com,1964-05-21,m,TIZ,0651576275,2020-03-23,Referral
C00421,Hassani,Salma,salma.hassani566@inemail.ma,1986-05-16,female,kenitra ,0741776042,2020-01-16,Google Ads
C01340,Naciri,Meriem,meriem.naciri381@yahoo.fr,1997-05-13,0,SETT,0628368925,2024-09-19,Google Ads
C01551,Kadiri,Zineb,zineb.kadiri654@hotmail.com,1983-05-17,F,agadir ,0727354510,2020-08-31,TikTok
C02135,Ouazzani,Said,said.ouazzani79@yahoo.fr,1978-05-18,HOMME,tetouan ,0778601597,2022-11-11,Influencer
C00960,Lahbabi,Amine,amine.lahbabi302@inemail.ma,1988-05-15,m,SETT,0638854107,2023-02-16,Influencer
C00768,Rami,Asmaa,asmaa.rami6@outlook.com,1992-05-14,0,Sale Ville,0679524101,2020-03-01,Instagram
C02190,Idrissi,Chaimae,chaimae.idrissi850@live.ma,1969-05-20,FEMME,rabat,0650058376,2022-04-09,Facebook Ads
C00900,Chakir,Mohamed,mohamed.chakir582@inemail.ma,1972-05-19,male,agadir ,0634494865,2025-02-23,Facebook Ads
C00935,Fassi,Khadija,khadija.fassi516@gmail.com,1962-05-22,female,Sale Ville,0632341731,2023-06-02,Influencer
C00903,Ouazzani,Mustapha,mustapha.ouazzani271@gmail.com,1971-05-20,M,al hoceima ,0794694930,2022-12-07,Instagram
C01809,Ouazzani,Hassan,hassan.ouazzani646@live.ma,2006-05-11,h,NAD,0748294101,2023-05-23,Referral
C00907,Tazi,Brahim,brahim.tazi192@yahoo.fr,1979-05-18,Homme,agadir,0789668254,2022-06-18,Email
C01766,El Amrani,Nabil,nabil.el amrani861@gmail.com,2001-05-12,m,Kenitra,0666543141,2024-07-05,TikTok
C01572,Rami,Nabil,nabil.rami19@inemail.ma,1991-05-15,1,safi,0639721110,2022-12-01,SEO
C01280,Chakir,Adil,adil.chakir182@live.ma,1988-05-15,male,Tiznit Ville,0713076093,2023-03-18,Influencer
C00070,Akharraz,Mehdi,mehdi.akharraz764@yahoo.fr,1959-05-23,male,TIZ,0656892354,2020-08-21,Referral
C00976,Dahbi,Ali,ali.dahbi364@yahoo.fr,2004-05-11,m,tetouan,0621334884,2021-09-07,Email
C01123,Moussaoui,Meryem,meryem.moussaoui491@live.ma,1976-05-18,Femme,Al Hoceima,0642392187,2024-03-27,Google Ads
C01602,Zizi,Sanaa,sanaa.zizi574@inemail.ma,1981-05-17,female,Agadir,0722003127,2024-06-04,Referral
C00840,Ouazzani,Samir,samir.ouazzani676@yahoo.fr,2026-10-11,m,AGD,0745502943,2023-03-10,Instagram
C00271,Chakir,Abdel,abdel.chakir201@outlook.com,1983-05-17,M,Fes Ville,0724464073,2021-01-25,Email
C01064,Idrissi,Khadija,khadija.idrissi304@live.ma,1968-05-20,0,Tetouan Ville,0742315695,2024-08-15,SEO
C02141,Rami,Zineb,zineb.rami106@gmail.com,1961-05-22,F,Fez,0677719328,2024-01-18,Influencer
C00139,Akharraz,Mohamed,mohamed.akharraz327@protonmail.com,1999-05-13,m,Nador Ville,0742342202,2023-01-06,TikTok
C00836,Akharraz,Fatima,fatima.akharraz46@outlook.com,1997-05-13,Femme,tetouan ,0714201833,2023-09-14,Referral
C01768,Sbai,Ahmed,ahmed.sbai306@outlook.com,1985-05-16,M,Nador,0630966164,2023-04-14,TikTok
C01895,El Amrani,Amine,amine.el amrani824@yahoo.fr,2005-05-11,male,Hoceima,0621512405,2022-09-10,Google Ads
C01332,Bennani,Omar,omar.bennani809@live.ma,1968-05-20,M,fes,0687367064,2024-10-26,Referral
C01990,Lahbabi,Driss,driss.lahbabi470@yahoo.fr,2005-05-11,1,OUJ,0664132141,2020-01-25,Referral
C00373,Zizi,Rachid,rachid.zizi20@yahoo.fr,1967-05-21,h,tiznit,0652339783,2022-11-07,Influencer
C01224,Lahlou,Ghita,ghita.lahlou268@yahoo.fr,1956-05-23,0,Casablanca,0628751884,2024-10-07,TikTok
C01493,Akharraz,Mohamed,mohamed.akharraz188@inemail.ma,1987-05-16,M,  Tanger  ,0742513327,2025-01-17,Influencer
C01209,Fassi,Ahmed,ahmed.fassi787@protonmail.com,2026-08-14,male,tanger ,0651115997,2021-01-18,Email
C01482,Dahbi,Reda,reda.dahbi417@outlook.com,2008-05-10,M,TTA,0694463186,2023-08-15,Referral
C00777,El Amrani,Amina,amina.el amrani511@gmail.com,1982-05-17,F,nador ,0789345641,2023-05-16,Email
C00889,Benali,Salma,salma.benali222@gmail.com,1969-05-20,F,Nador,0653397675,2024-11-26,Facebook Ads
C02052,Dahbi,Meryem,meryem.dahbi810@inemail.ma,1969-05-20,f,marrakech,0717961300,2022-06-11,Google Ads
C00024,Akharraz,Ghita,ghita.akharraz305@inemail.ma,1981-05-17,FEMME,oujda ,0637888820,2023-06-02,TikTok
C00854,Rami,Chaimae,chaimae.rami740@gmail.com,1986-05-16,0,sale,0768477341,2023-07-15,Google Ads
C01519,Benali,Brahim,brahim.benali995@inemail.ma,1972-05-19,h,kenitra ,0784162069,2021-06-18,Google Ads
C00715,Lahbabi,Houda,houda.lahbabi160@hotmail.com,1962-05-22,0,sale ,0676566782,2022-09-08,Instagram
C01758,Tazi,Meryem,meryem.tazi450_outlook.com,1970-05-20,f,Tiznit Ville,0685351333,2021-07-10,Google Ads
C01083,El Amrani,Meryem,meryem.el amrani332@live.ma,2006-05-11,0,SETT,0676662806,2024-01-08,Facebook Ads
C00779,Bennani,Fatima,fatima.bennani850@inemail.ma,1989-05-15,0,oujda,0684685481,2022-03-30,Referral
C02238,Sbai,Abdel,abdel@livema,1982-05-17,1,HOC,0660302748,2021-03-04,Influencer
C00529,Akharraz,Samir,samir.akharraz688@yahoo.fr,1973-05-19,male,fes ,0755523530,2020-12-13,Influencer
C02069,Lahlou,Adil,adil.lahlou665@protonmail.com,1993-05-14,m,sale,0796975241,2022-08-12,Influencer
C02061,Moussaoui,Oumaima,oumaima.moussaoui922@gmail.com,1980-05-17,female,Tetouan Ville,0725288519,2024-05-12,SEO
C00022,Jabiri,Yasmin,yasmin.jabiri349@outlook.com,1992-05-14,female,oujda ,0663782042,2024-08-10,Influencer
C01896,Bennani,Chaimae,chaimae.bennani961@gmail.com,1981-05-17,F,agadir,0611984025,2023-07-16,Influencer
C00417,Rami,Fatima,fatima.rami868@outlook.com,2005-05-11,female,kenitra ,0685165988,2020-04-18,Referral
C01553,Ouazzani,Samir,samir.ouazzani815@gmail.com,1977-05-18,M,Kenitra,0622085984,2023-03-09,Influencer
C00051,Jabiri,Omar,omar.jabiri962_yahoo.fr,1980-05-17,Homme,sale ,0659302863,2022-01-12,Referral
C01394,El Amrani,Amine,amine.el amrani812@outlook.com,1974-05-19,HOMME,Tetouan Ville,0654429299,2023-07-02,TikTok
C00550,Dahbi,Ahmed,ahmed.dahbi567@gmail.com,1967-05-21,male,SLA,0770173215,2022-10-10,Email
C00692,Moussaoui,Driss,driss.moussaoui376@inemail.ma,1986-05-16,M,rabat,0660101289,2022-02-15,Facebook Ads
C01039,Bennani,Omar,omar.bennani548@gmail.com,1998-05-13,m,Tetouan Ville,0623930806,2020-03-19,TikTok
C00607,Fassi,Fatima,fatima.fassi347@outlook.com,1993-05-14,f,tetouan,0718774822,2020-12-16,Facebook Ads
C00431,Ouazzani,Samir,samir.ouazzani274@inemail.ma,1967-05-21,Homme,AGD,0689017236,2023-10-14,TikTok
C01181,Akharraz,Khadija,khadija.akharraz49@gmail.com,1991-05-15,Femme,  Tanger  ,0677343991,2022-05-03,Google Ads
C01400,Bennani,Sanaa,sanaa.bennani554@protonmail.com,1963-05-22,F,Tiznit Ville,0684725325,2025-01-26,TikTok
C00794,Dahbi,Brahim,brahim.dahbi182@yahoo.fr,1998-05-13,h,agadir,0773596407,2023-05-01,SEO
C00341,Lahlou,Ines,ines.lahlou256@outlook.com,1967-05-21,F,tetouan ,0666672010,2021-06-22,TikTok
C00311,Moussaoui,Brahim,brahim.moussaoui291@live.ma,2026-05-10,1,safi,0679761254,2023-03-29,SEO
C00934,Tazi,Nabil,nabil.tazi672@outlook.com,2002-05-12,m,nador ,0735350367,2022-05-06,SEO
C01619,Moussaoui,Adil,adil.moussaoui291@inemail.ma,2008-05-10,male,Marrakesh,0691207477,2024-01-09,SEO
C01158,Naciri,Ines,ines.naciri819@inemail.ma,1981-05-17,F,Marrakesh,0610076098,2025-02-19,Facebook Ads
C01049,Benali,Fatima,fatima.benali340@inemail.ma,1986-05-16,f,safi,0718861468,2021-03-12,Referral
C00307,Hassani,Amina,amina.hassani889@hotmail.com,1982-05-17,f,sale ,0693646063,2024-08-07,Google Ads
C02136,Ouazzani,Ahmed,ahmed.ouazzani751@live.ma,1966-05-21,h,al hoceima ,0692424462,2022-02-24,SEO
C00700,Dahbi,Fatima,fatima.dahbi289@hotmail.com,1981-05-17,female,OUJ,0643482865,2022-11-13,Google Ads
C00857,Kadiri,Ghita,ghita.kadiri865@hotmail.com,1984-05-16,female,Sale Ville,0638277083,2020-10-20,Email
C00720,Moussaoui,Imane,imane.moussaoui643@live.ma,1956-05-23,Femme,Tanger Ville,0729036775,2020-07-29,SEO
C01523,Naciri,Karim,karim.naciri391@inemail.ma,2005-05-11,HOMME,TIZ,0768808057,2020-07-02,Google Ads
C01380,Sbai,Ahmed,ahmed.sbai886@yahoo.fr,1980-05-17,M,agadir ,0751409041,2023-03-15,Referral
C00594,Lahbabi,Khadija,khadija.lahbabi319@gmail.com,1886-09-29,f,RBT,0689528133,2024-07-12,Referral
C00742,Idrissi,Zineb,zineb.idrissi166@gmail.com,1985-05-16,Femme,SAFI,0744620670,2023-12-26,Influencer
C00921,Benali,Mustapha,mustapha.benali184@yahoo.fr,2007-05-11,h,KEN,0657948542,2020-03-13,SEO
C01805,El Amrani,Hassan,hassan.el amrani43@hotmail.com,1981-05-17,m,Tetouan,0696836098,2020-09-21,Email
C00629,Bennani,Fatima,fatima.bennani391@yahoo.fr,2026-07-04,Femme,settat ,0653904009,2023-12-23,Influencer
C02016,El Amrani,Youssef,youssef.el amrani539@inemail.ma,1993-05-14,m,sale,0651570260,2020-08-21,SEO
C00969,Tazi,Karim,karim.tazi664@live.ma,1975-05-19,HOMME,CASA,0663883863,2022-06-04,Google Ads
C01180,Sbai,Houda,houda.sbai837@outlook.com,1971-05-20,Femme,safi,0615441743,2022-12-22,TikTok
C00992,El Amrani,Houda,houda.el amrani400@live.ma,1978-05-18,F,TTA,0620048946,2021-09-06,Google Ads
C00105,Jabiri,Mustapha,mustapha.jabiri416@yahoo.fr,1964-05-21,h,Marrakech Medina,0737383505,2022-09-18,Referral
C00221,Akharraz,Reda,reda.akharraz34@outlook.com,1957-05-23,HOMME,Tiznit Ville,0676596831,2023-03-04,Instagram
C00216,Idrissi,Salma,salma.idrissi326@inemail.ma,1986-05-16,0,marrakech ,0786188876,2023-12-05,Instagram
C00241,El Amrani,Ali,ali.el amrani799@outlook.com,1967-05-21,m,Rabat Ville,0778891441,2023-08-27,SEO
C01704,Ouazzani,Salma,salma.ouazzani386@live.ma,2001-05-12,Femme,SAFI,0769539153,2023-02-27,Email
C00847,Fassi,Sanaa,sanaa.fassi979@gmail.com,1994-05-14,female,tetouan,0782338977,2023-07-14,Facebook Ads
C00978,Lahbabi,Samir,samir.lahbabi381@live.ma,1998-05-13,m,TIZ,0699747074,2022-11-28,Instagram
C02100,Dahbi,Adil,adil.dahbi924@gmail.com,1974-05-19,M,AGD,0732574870,2021-08-17,Google Ads
C00613,Kadiri,Said,said.kadiri598@gmail.com,1969-05-20,1,Agadir,0759326617,2022-06-04,Influencer
C01823,Benali,Hamza,hamza.benali258@protonmail.com,2004-05-11,h,sale,0679292008,2024-04-07,Google Ads
C01471,Moussaoui,Oumaima,oumaima.moussaoui267@outlook.com,2006-05-11,0,Marrakech,0799719331,2020-06-10,Influencer
C01188,Akharraz,Hassan,hassan.akharraz107@inemail.ma,1957-05-23,m,nador ,0788699165,2023-06-25,Facebook Ads
C01675,Benali,Omar,omar.benali572@live.ma,2026-07-16,HOMME,Oujda,0790362099,2024-05-15,SEO
C00738,Kadiri,Ines,ines.kadiri827@inemail.ma,1971-05-20,0,Dar el Beida,0648939164,2024-11-14,Instagram
C01825,Ouazzani,Zineb,zineb.ouazzani130@hotmail.com,1980-05-17,f,HOC,0637077018,2023-06-01,TikTok
C01196,Benali,Chaimae,chaimae.benali44@hotmail.com,1983-05-17,f,casablanca,0621007045,2023-04-25,Referral
C01739,Rami,Meryem,meryem.rami177@yahoo.fr,2006-05-11,Femme,Sale,0751292413,2021-03-24,Google Ads
C01935,Zizi,Said,said.zizi214@yahoo.fr,1976-05-18,Homme,settat ,0795651248,2021-01-12,Facebook Ads
C01218,Lahbabi,Omar,omar.lahbabi855@protonmail.com,1964-05-21,m,AGD,0711023114,2022-08-28,Instagram
C01970,Lahbabi,Yasmin,yasmin.lahbabi30@protonmail.com,1987-05-16,female,tanger,0642653792,2024-03-20,Facebook Ads
C00106,Tazi,Imane,imane.tazi752@inemail.ma,1983-05-17,female,TIZ,0652831009,2023-02-24,TikTok
C00991,Kadiri,Adil,adil.kadiri163@gmail.com,1968-05-20,male,RBT,0682587841,2024-09-22,Email
C00333,Sbai,Samir,samir.sbai890@outlook.com,1987-05-16,Homme,Oujda,0620618223,2022-04-08,Instagram
C00593,El Amrani,Adil,adil.el amrani546@hotmail.com,1983-05-17,HOMME,fes ,0640283277,2023-03-17,Email
C01731,Jabiri,Mehdi,mehdi.jabiri663_gmail.com,2004-05-11,M,TIZ,0642965259,2023-03-23,Referral
C00699,Fassi,Ali,ali.fassi812@gmail.com,1986-05-16,male,casa,0655921387,2021-04-29,Email
C01755,Lahlou,Nadia,nadia.lahlou720@yahoo.fr,1959-05-23,Femme,rabat ,0671410132,2022-08-07,SEO
C00041,Bennani,Hamza,hamza.bennani635@protonmail.com,1971-05-20,M,sale ,0744269370,2021-06-04,SEO
C00793,Jabiri,Samir,samir.jabiri874@protonmail.com,1988-05-15,male,HOC,0729036590,2021-11-11,SEO
C00706,Lahbabi,Houda,houda.lahbabi90@gmail.com,1961-05-22,F,sale ,0635894291,2025-02-11,Influencer
C02184,Lahlou,Amina,amina.lahlou690@hotmail.com,1988-05-15,0,marrakech,0734480374,2020-11-21,Email
C01109,Zizi,Zineb,zineb.zizi718@hotmail.com,1984-05-16,Femme,Tanger Ville,0775808087,2022-05-15,SEO
C00240,Benali,Omar,omar.benali501@live.ma,1978-05-18,h,MRK,0722132198,2020-11-30,Google Ads
C02182,El Amrani,Imane,imane.el amrani768@outlook.com,1964-05-21,Femme,SETT,0624372776,2023-03-20,Instagram
C02179,El Amrani,Ghita,ghita.el amrani813@outlook.com,1989-05-15,f,fes,0739416977,2024-10-15,Influencer
C01643,Benali,Fatima,fatima.benali586@inemail.ma,2003-05-12,female,Kenitra Ville,0613106154,2024-06-22,Facebook Ads
C01946,Jabiri,Rania,rania.jabiri658@protonmail.com,1965-05-21,F,Safi Ville,0699608371,2023-04-13,Instagram
C00899,Bennani,Rachid,rachid.bennani46@yahoo.fr,1964-05-21,HOMME,rabat ,0651763795,2024-03-09,Google Ads
C01789,Benali,Samir,samir@livema,1982-05-17,male,NAD,0610689646,2021-10-07,Influencer
C01436,Tazi,Nadia,nadia.tazi953@outlook.com,1986-05-16,0,Marrakech Medina,0769076543,2023-11-06,Referral
C02028,Chakir,Mustapha,mustapha.chakir112@inemail.ma,1978-05-18,HOMME,nador ,0689219503,2020-05-23,Referral
C01202,Tazi,Omar,omar.tazi148@outlook.com,1958-05-23,Homme,Marrakesh,0798519306,2022-04-21,Google Ads
C00089,Benali,Houda,houda.benali354@outlook.com,1968-05-20,0,agadir,0727905932,2024-03-29,SEO
C02144,Zizi,Mehdi,mehdi.zizi959@live.ma,1985-05-16,male,marrakech ,0756134283,2022-09-28,SEO
C01093,Tazi,Soukaina,soukaina.tazi617@inemail.ma,1977-05-18,Femme,oujda ,0620425244,2024-06-16,Facebook Ads
C01837,Kadiri,Ghita,ghita.kadiri931@outlook.com,1975-05-19,f,Kenitra,0798216545,2020-04-28,Google Ads
C02098,Hassani,Ines,ines.hassani710@outlook.com,1966-05-21,F,tng,0651020952,2020-01-23,Instagram
C01112,Naciri,Karim,karim.naciri958@live.ma,1976-05-18,h,tiznit,0781895460,2023-03-03,SEO
C00619,Tazi,Rania,rania.tazi436@protonmail.com,1960-05-22,Femme,Marrakesh,0686178952,2021-10-29,SEO
C00001,Tazi,Samir,samir.tazi975@inemail.ma,1989-05-15,male,casa blanca,0642862209,2020-02-20,Influencer
C01597,Idrissi,Sanaa,sanaa.idrissi452@protonmail.com,1962-05-22,female,rabat,0628476277,2023-09-18,Google Ads
C00239,Lahbabi,Amine,amine.lahbabi256@gmail.com,1985-05-16,M,tiznit,0777796914,2024-08-13,Email
C00697,Zizi,Karim,karim.zizi6@yahoo.fr,1963-05-22,M,al hoceima ,0662955068,2020-03-23,Email
C01779,Akharraz,Said,said.akharraz742@protonmail.com,1958-05-23,m,Rabat Ville,0648150618,2021-04-09,Facebook Ads
C00541,Jabiri,Mehdi,mehdi.jabiri131@protonmail.com,1993-05-14,Homme,Fes,0616052535,2020-04-07,Facebook Ads
C01836,Naciri,Amine,amine.naciri962@hotmail.com,1956-05-23,M,KEN,0771887143,2021-11-29,Influencer
C01024,Chakir,Meriem,meriem.chakir68@yahoo.fr,1999-05-13,FEMME,Settat Ville,0715582167,2021-01-20,Referral
C01547,Tazi,Nabil,nabil.tazi210@protonmail.com,1967-05-21,h,CASA,0787027101,2020-03-30,TikTok
C01869,Benali,Meriem,meriem.benali453@outlook.com,1959-05-23,0,nador ,0623441911,2025-01-14,Referral
C00683,Naciri,Mohamed,mohamed.naciri620@outlook.com,1999-05-13,HOMME,Settat Ville,0691014793,2022-02-15,TikTok
C00925,Sbai,Houda,houda.sbai553@inemail.ma,1964-05-21,female,Sale Ville,0668645850,2022-08-26,Google Ads
C01486,Rami,Ahmed,ahmed.rami590@protonmail.com,1977-05-18,M,Settat,0792593597,2024-01-12,Referral
C01480,Lahbabi,Salma,salma.lahbabi757@outlook.com,1976-05-18,0,AGD,0716524247,2024-09-24,Facebook Ads
C01698,Jabiri,Hamza,hamza.jabiri768@inemail.ma,1962-05-22,M,Marrakesh,0696364402,2020-12-26,Instagram
C01533,Fassi,Brahim,brahim.fassi894@gmail.com,1988-05-15,M,Agadir Ville,0761711055,2023-04-12,Email
C00861,Hassani,Omar,omar.hassani506@yahoo.fr,2000-05-12,HOMME,safi ,0720612203,2020-08-26,TikTok
C01621,Bennani,Rachid,rachid.bennani884@inemail.ma,2003-05-12,m,Settat,0771985141,2021-12-30,Instagram
C01189,Jabiri,Adil,adil.jabiri397@yahoo.fr,1996-05-13,HOMME,kenitra ,0686630175,2021-01-20,Referral
C00542,Dahbi,Abdel,abdel.dahbi677@protonmail.com,1992-05-14,male,casablanca,0625292162,2024-04-23,Influencer
C02059,Dahbi,Fatima,fatima.dahbi118@protonmail.com,1970-05-20,0,Rabat Ville,0670654935,2021-11-26,TikTok
C00463,Kadiri,Houda,houda.kadiri284@gmail.com,1986-05-16,0,settat ,0673104323,2024-08-25,Google Ads
C00467,Naciri,Yasmin,yasmin.naciri176@inemail.ma,1978-05-18,Femme,RBT,0629909634,2024-09-27,Referral
C00092,Sbai,Amina,amina.sbai887@protonmail.com,2001-05-12,FEMME,agadir,0761894582,2022-03-30,Referral
C00485,Fassi,Nadia,nadia.fassi492@yahoo.fr,1985-05-16,f,safi,0733113253,2023-05-08,Google Ads
C01558,Akharraz,Said,said.akharraz168@inemail.ma,1981-05-17,m,kenitra ,0677323835,2020-12-29,Email
C00968,Bennani,Ghita,ghita.bennani625@protonmail.com,1960-05-22,FEMME,sale ,0772507231,2024-08-01,Influencer
C01562,Akharraz,Fatima,fatima.akharraz505@hotmail.com,2006-05-11,0,safi ,0610842074,2022-01-28,Facebook Ads
C01309,Kadiri,Mustapha,mustapha.kadiri393@hotmail.com,1963-05-22,1,Kenitra Ville,0666783807,2024-10-07,Influencer
C00164,Dahbi,Karim,karim.dahbi76@hotmail.com,1978-05-18,h,nador ,0782966824,2025-03-06,SEO
C01726,Fassi,Brahim,brahim.fassi19@protonmail.com,1983-05-17,HOMME,Tetouan,0658642195,2024-05-14,Google Ads
C00478,Jabiri,Yasmin,yasmin.jabiri230@gmail.com,1999-05-13,female,kenitra ,0726666744,2024-09-04,Google Ads
C02171,Jabiri,Abdel,abdel.jabiri655@hotmail.com,1969-05-20,h,safi ,0674374848,2024-06-29,Google Ads
C01369,Chakir,Ines,ines.chakir487@protonmail.com,2008-05-10,F,Marrakech,0753113090,2020-03-30,Facebook Ads
C01301,Chakir,Driss,driss.chakir459@inemail.ma,2007-05-11,HOMME,Marrakesh,0696343880,2024-09-29,Facebook Ads
C01386,Rami,Reda,reda.rami455@inemail.ma,1957-05-23,M,SAFI,0745315666,2024-01-11,Instagram
C00932,Lahlou,Soukaina,soukaina.lahlou770@outlook.com,1970-05-20,FEMME,TTA,0699152055,2023-07-14,Referral
C01467,Lahbabi,Said,said.lahbabi395@outlook.com,2001-05-12,M,Rabat,0665154850,2021-06-07,Instagram
C01637,Dahbi,Ghita,ghita.dahbi475@hotmail.com,2008-05-10,FEMME,Rabat,0713172317,2022-07-23,TikTok
C01203,Fassi,Amina,amina.fassi362@outlook.com,1966-05-21,Femme,Marrakesh,0716567733,2021-07-14,Google Ads
C01908,Akharraz,Brahim,brahim.akharraz807@outlook.com,1976-05-18,1,RBT,0724123246,2022-05-02,Google Ads
C01464,Kadiri,Fatima,fatima.kadiri416@live.ma,1982-05-17,Femme,tanger ,0661427497,2022-08-01,TikTok
C01727,Zizi,Zineb,zineb.zizi600@hotmail.com,1998-05-13,F,casa blanca,0681576118,2020-01-18,Instagram
C01344,Moussaoui,Said,said.moussaoui993@gmail.com,1990-05-15,m,agadir,0750297070,2021-07-18,TikTok
C01955,Jabiri,Hamza,hamza.jabiri16@outlook.com,1985-05-16,Homme,sale ,0639745767,2024-04-11,Instagram
C01929,Tazi,Mustapha,mustapha.tazi957@protonmail.com,1970-05-20,h,rabat ,0775882046,2024-10-05,Email
C00665,Moussaoui,Khadija,khadija.moussaoui298@gmail.com,1987-05-16,FEMME,fes,0686885150,2024-03-04,Referral
C00636,Lahbabi,Ali,ali.lahbabi68@protonmail.com,1967-05-21,m,Oujda,0665176483,2024-12-18,Google Ads
C00460,Bennani,Ahmed,ahmed.bennani544@gmail.com,1960-05-22,HOMME,TTA,0620866138,2023-01-15,Referral
C00574,Ouazzani,Said,said.ouazzani887@outlook.com,1972-05-19,h,settat,0696424699,2021-09-24,Facebook Ads
C00795,Jabiri,Khadija,khadija.jabiri839@gmail.com,1990-05-15,Femme,casa,0622604400,2020-12-08,Facebook Ads
C00020,Ouazzani,Brahim,brahim.ouazzani779@live.ma,2002-05-12,HOMME,Hoceima,0650569669,2022-01-09,SEO
C00125,Tazi,Nadia,nadia.tazi664@yahoo.fr,2008-05-10,FEMME,rabat ,0633554528,2023-03-08,Email
C02222,Zizi,Mehdi,mehdi.zizi566@live.ma,1998-05-13,h,  Tanger  ,0794408230,2021-05-05,TikTok
C00893,Lahbabi,Abdel,abdel.lahbabi898@outlook.com,1997-05-13,HOMME,Sale Ville,0758451442,2021-02-05,TikTok
C01367,Moussaoui,Driss,driss.moussaoui902@hotmail.com,1992-05-14,male,sale,0790791349,2024-03-21,Facebook Ads
C01773,Akharraz,Ali,ali.akharraz619@inemail.ma,1975-05-19,m,nador ,0788044498,2020-09-21,Google Ads
C00952,Bennani,Meriem,meriem.bennani103@live.ma,1970-05-20,f,Oujda,0724968484,2023-04-06,Influencer
C00937,Sbai,Imane,imane.sbai212@live.ma,1993-05-14,0,casa,0671928895,2021-05-10,Facebook Ads
C00827,Fassi,Brahim,brahim.fassi107@gmail.com,1994-05-14,male,fes,0612878065,2021-09-13,SEO
C01706,Moussaoui,Samir,samir.moussaoui718@outlook.com,1977-05-18,HOMME,rabat ,0662025032,2020-11-23,TikTok
C02213,Bennani,Brahim,brahim.bennani419@yahoo.fr,2002-05-12,h,OUJ,0646521309,2023-11-21,Email
C00929,Ouazzani,Ali,ali.ouazzani677@inemail.ma,2003-05-12,h,tetouan,0637857050,2021-12-08,Referral
C01142,Jabiri,Houda,houda.jabiri225@inemail.ma,1975-05-19,0,Rabat,0661196558,2024-09-28,Referral
C01549,Dahbi,Nabil,nabil.dahbi412@yahoo.fr,2002-05-12,Homme,kenitra ,0784661566,2021-10-31,SEO
C00237,Sbai,Imane,imane.sbai793@inemail.ma,1962-05-22,F,al hoceima ,0738372352,2021-01-19,Email
C00531,Rami,Rachid,rachid.rami530@yahoo.fr,1998-05-13,1,TIZ,0684581396,2024-04-13,Influencer
C02217,Ouazzani,Ali,ali.ouazzani677@inemail.ma,2003-05-12,h,tetouan,0764383490,2021-12-08,Referral
C00789,Bennani,Oumaima,oumaima.bennani218@outlook.com,1981-05-17,f,agadir ,0723128198,2021-07-12,SEO
C00918,Ouazzani,Abdel,abdel.ouazzani619@inemail.ma,1980-05-17,1,al hoceima,0781809727,2023-12-29,Referral
C00490,Benali,Nabil,nabil.benali947@outlook.com,1963-05-22,M,al hoceima,0724404851,2021-01-14,Instagram
C00428,Jabiri,Imane,imane.jabiri789@hotmail.com,1980-05-17,female,nador ,0717291483,2023-03-29,Google Ads
C00657,El Amrani,Reda,reda@inemailma,1991-05-15,h,CASA,0755171003,2021-11-21,Referral
C01210,Naciri,Rachid,rachid.naciri412@protonmail.com,1970-05-20,1,Marrakech Medina,0793834973,2022-02-17,TikTok
C01138,Rami,Ali,ali.rami24@live.ma,1995-05-14,M,nador ,0753228848,2024-06-05,SEO
C01293,Akharraz,Driss,driss.akharraz404@outlook.com,1956-05-23,M,Oujda Ville,0695087196,2023-07-31,Instagram
C01300,Tazi,Mehdi,mehdi.tazi111@yahoo.fr,1996-05-13,1,fes ,0666302151,2022-01-19,Influencer
C01559,Lahbabi,Amine,amine.lahbabi418@protonmail.com,1987-05-16,h,tiznit ,0733760984,2023-01-15,Email
C00475,Bennani,Oumaima,oumaima.bennani910@hotmail.com,1982-05-17,Femme,Marrakech Medina,0765592149,2024-07-08,Instagram
C01658,Sbai,Youssef,youssef.sbai916@outlook.com,1982-05-17,HOMME,Settat,0713376007,2021-09-06,Facebook Ads
C01108,Akharraz,Mohamed,mohamed.akharraz352@hotmail.com,1989-05-15,Homme,Tanger Ville,0675945661,2022-09-06,SEO
C00519,El Amrani,Ines,ines.el amrani843@inemail.ma,1978-05-18,FEMME,fes,0723474864,2021-11-12,Instagram
C00804,Naciri,Hassan,hassan.naciri257@outlook.com,1996-05-13,h,Rabat,0783260153,2023-03-06,Instagram
C02189,Ouazzani,Samir,samir.ouazzani654@inemail.ma,1959-05-23,1,Settat,0655135491,2022-10-05,Email
C00191,Rami,Ghita,ghita.rami766@hotmail.com,2005-05-11,F,Kenitra,0761792685,2021-05-05,Facebook Ads
C00676,Naciri,Omar,omar.naciri496@protonmail.com,1989-05-15,1,rabat ,0664402540,2020-05-10,SEO
C00010,Ouazzani,Soukaina,soukaina.ouazzani259@inemail.ma,2007-05-11,0,nador ,0697260863,2021-12-17,Facebook Ads
C00783,Hassani,Reda,reda.hassani327@inemail.ma,1971-05-20,M,CASA,0799689017,2022-04-26,Facebook Ads
C01431,Ouazzani,Meriem,meriem.ouazzani403@yahoo.fr,1987-05-16,Femme,al hoceima,0637647507,2022-03-24,Instagram
C01911,Akharraz,Amine,amine.akharraz155@yahoo.fr,1978-05-18,1,Oujda Ville,0736375893,2024-11-03,TikTok
C01864,Naciri,Adil,adil.naciri185@gmail.com,1958-05-23,M,tetouan,0721840119,2024-10-06,Facebook Ads
C00520,Kadiri,Rachid,rachid.kadiri431@live.ma,1973-05-19,HOMME,Casablanca,0696083599,2020-02-26,Instagram
C00266,Jabiri,Brahim,brahim.jabiri77@inemail.ma,1993-05-14,male,Tiznit,0683886264,2022-11-04,Email
C00151,Bennani,Hamza,hamza.bennani661@inemail.ma,2002-05-12,HOMME,oujda ,0686072480,2021-04-15,Influencer
C00622,Lahbabi,Hamza,hamza.lahbabi291@outlook.com,1966-05-21,m,casablanca,0633062057,2022-01-24,Referral
C01174,Ouazzani,Youssef,youssef.ouazzani833@hotmail.com,1983-05-17,m,Tetouan,0653876873,2022-07-09,Email
C01830,Kadiri,Rania,rania.kadiri465@hotmail.com,1972-05-19,Femme,rabat ,0611851318,2022-05-30,SEO
C00117,Jabiri,Hassan,hassan.jabiri322@outlook.com,1974-05-19,male,kenitra ,0791883092,2024-04-30,Influencer
C02048,Bennani,Samir,samir.bennani332@gmail.com,1966-05-21,m,Sale,0751965117,2024-08-24,TikTok
C00926,Ouazzani,Hamza,hamza.ouazzani620@hotmail.com,2026-08-21,HOMME,kenitra,0798209607,2020-02-08,Instagram
C02133,Benali,Youssef,youssef@protonmailcom,2003-05-12,Homme,tiznit,0788505869,2024-07-26,Referral
C00842,Lahlou,Samir,samir.lahlou452@outlook.com,1958-05-23,1,agadir,0694602558,2020-09-17,Instagram
C00708,Lahlou,Rachid,rachid.lahlou460@protonmail.com,1981-05-17,male,AGD,0632405653,2022-10-28,Google Ads
C00067,Benali,Nadia,nadia.benali180@outlook.com,1963-05-22,0,oujda ,0719673809,2023-09-30,Email
C00394,Lahbabi,Amine,amine.lahbabi112@live.ma,1968-05-20,male,sale,0767318164,2024-01-22,Referral
C00055,Ouazzani,Hamza,hamza.ouazzani760@hotmail.com,1961-05-22,m,TANGER,0670667140,2022-01-11,TikTok
C01433,Bennani,Nadia,nadia.bennani798@live.ma,2002-05-12,F,casablanca,0749585094,2020-10-18,Influencer
C02204,El Amrani,Adil,adil.el amrani944@live.ma,1971-05-20,Homme,tanger,0657370883,2021-05-25,Facebook Ads
C01756,Sbai,Abdel,abdel.sbai176@hotmail.com,1998-05-13,male,SLA,0621690100,2023-04-26,TikTok
C00167,Jabiri,Fatima,fatima.jabiri426@gmail.com,1962-05-22,0,Casablanca,0679942848,2022-07-21,Influencer
C02046,Idrissi,Mohamed,mohamed.idrissi837@yahoo.fr,1981-05-17,Homme,safi ,0724899442,2021-01-10,SEO
C02114,Dahbi,Fatima,fatima.dahbi469@protonmail.com,1877-01-25,Femme,al hoceima,0788415642,2024-11-09,SEO
C01010,Naciri,Nabil,nabil.naciri191@inemail.ma,1983-05-17,male,Marrakesh,0758851081,2022-03-03,Google Ads
C00205,Ouazzani,Yasmin,yasmin.ouazzani949@inemail.ma,1961-05-22,F,TIZ,0637207628,2021-04-23,Instagram
C01859,Naciri,Ghita,ghita.naciri906@outlook.com,1965-05-21,female,TANGER,0752460906,2023-12-21,Google Ads
C01389,Sbai,Hamza,hamza.sbai688@live.ma,1994-05-14,male,rabat,0716328242,2022-01-11,SEO
C00904,Akharraz,Reda,reda.akharraz583@outlook.com,1981-05-17,m,Rabat Ville,0737843059,2024-06-18,Referral
C00049,Lahlou,Samir,samir.lahlou227@protonmail.com,1956-05-23,m,Agadir Ville,0725659979,2023-08-22,Instagram
C01976,Dahbi,Mustapha,mustapha.dahbi323@gmail.com,1971-05-20,m,Settat,0781649701,2021-10-31,Referral
C01506,Hassani,Reda,reda.hassani946@yahoo.fr,2003-05-12,1,sale ,0767261364,2024-12-28,SEO
C01354,Benali,Meriem,meriem.benali843@yahoo.fr,1981-05-17,female,Casa ,0638768529,2020-10-12,Influencer
C00356,Bennani,Brahim,brahim.bennani370@live.ma,1982-05-17,h,oujda,0781003974,2020-04-29,SEO
C00776,Ouazzani,Oumaima,oumaima.ouazzani969@inemail.ma,2004-05-11,f,Hoceima,0752652151,2023-10-29,Referral
C01002,Benali,Abdel,abdel.benali186@gmail.com,1987-05-16,Homme,marrakech ,0671286924,2024-06-30,Google Ads
C00617,Moussaoui,Adil,adil.moussaoui486@outlook.com,1958-05-23,Homme,Al Hoceima,0755722553,2024-07-25,Facebook Ads
C00363,Akharraz,Chaimae,chaimae.akharraz752@gmail.com,1958-05-23,f,Sale,0689890579,2025-01-15,Google Ads
C00193,Bennani,Asmaa,asmaa.bennani15@yahoo.fr,2005-05-11,FEMME,TNG,0766851305,2021-08-09,Email
C01247,Jabiri,Asmaa,asmaa.jabiri843@live.ma,1962-05-22,0,Fez,0662581326,2024-12-11,Referral
C00334,Tazi,Khadija,khadija.tazi728@yahoo.fr,1983-05-17,0,AGD,0788775038,2024-11-02,Influencer
C00668,Rami,Youssef,youssef.rami515@protonmail.com,1963-05-22,M,AGD,0749123810,2021-03-17,Email
C00107,Ouazzani,Nadia,nadia.ouazzani145@gmail.com,1984-05-16,Femme,Oujda,0653947691,2024-11-07,Referral
C00501,Jabiri,Rachid,rachid.jabiri632@protonmail.com,1990-05-15,Homme,sale ,0659178730,2020-04-02,Referral
C01414,Benali,Oumaima,oumaima.benali378@outlook.com,1958-05-23,f,Nador Ville,0671816745,2021-10-05,Influencer
C00892,Jabiri,Said,said.jabiri702@gmail.com,1981-05-17,male,HOC,0772555645,2024-11-08,Referral
C02176,Rami,Ghita,ghita@livema,1995-05-14,Femme,Tetouan,0624798481,2021-01-11,Email
C01040,Benali,Ali,ali.benali834@hotmail.com,2001-05-12,m,sale,0612656619,2020-03-13,Influencer
C02230,Naciri,Rania,rania.naciri88@gmail.com,1988-05-15,F,settat ,0632313294,2021-03-10,Google Ads
C01276,Lahlou,Laila,laila@inemailma,1971-05-20,Femme,Fez,0778487095,2022-03-21,SEO
C01967,El Amrani,Oumaima,oumaima.el amrani817@protonmail.com,1999-05-13,Femme,tetouan,0774217871,2020-08-21,Influencer
C00346,Moussaoui,Said,said.moussaoui204@hotmail.com,2002-05-12,Homme,al hoceima,0751890609,2022-08-26,Referral
C01337,Rami,Samir,samir.rami737@protonmail.com,1981-05-17,M,tng,0627446641,2022-04-24,Instagram
C00981,Bennani,Ines,ines.bennani476@hotmail.com,1974-05-19,f,casablanca,0651799545,2024-07-15,Influencer
C01838,Kadiri,Soukaina,soukaina.kadiri715@gmail.com,1996-05-13,f,  Tanger  ,0763796351,2023-08-08,Google Ads
C01484,Bennani,Karim,karim.bennani328@hotmail.com,1996-05-13,HOMME,Fes,0686995914,2021-09-08,Facebook Ads
C01673,Fassi,Ali,ali.fassi701@protonmail.com,1960-05-22,h,NAD,0688092493,2021-06-13,Google Ads
C00018,Bennani,Fatima,fatima.bennani415@protonmail.com,1966-05-21,Femme,Fes,0767110154,2022-12-23,Referral
C00339,Lahlou,Asmaa,asmaa.lahlou453@yahoo.fr,2027-01-29,0,marrakech,0656155452,2024-07-27,Google Ads
C00787,Zizi,Adil,adil.zizi889@live.ma,1959-05-23,M,tetouan ,0651224542,2022-05-16,Facebook Ads
C01221,Hassani,Samir,samir.hassani267@live.ma,1962-05-22,M,Fez,0749665931,2021-02-05,Email
C02063,Ouazzani,Rachid,rachid.ouazzani11@inemail.ma,2008-05-10,m,agadir,0685223845,2024-02-29,Influencer
C00946,Tazi,Ghita,ghita.tazi388@inemail.ma,1967-05-21,female,KEN,0760985606,2020-12-25,SEO
C01508,Hassani,Salma,salma.hassani113@protonmail.com,1986-05-16,female,oujda,0737633907,2021-04-01,SEO
C00816,Jabiri,Mehdi,mehdi.jabiri621@protonmail.com,1963-05-22,Homme,tetouan ,0727370722,2022-12-12,Referral
C00950,Idrissi,Meriem,meriem.idrissi566@yahoo.fr,1996-05-13,F,Tanger Ville,0680136507,2025-01-29,Google Ads
C00580,El Amrani,Houda,houda.el amrani567@hotmail.com,2007-05-11,f,agadir ,0646126008,2024-12-19,Facebook Ads
C00043,Jabiri,Soukaina,soukaina.jabiri391@live.ma,1990-05-15,F,CASA,0746840133,2024-08-26,SEO
C01132,Akharraz,Ines,ines.akharraz144@outlook.com,1960-05-22,Femme,agadir,0647226095,2024-10-01,Facebook Ads
C01503,Sbai,Reda,reda.sbai618@gmail.com,1984-05-16,h,marrakech,0734385885,2022-11-15,TikTok
C01866,Akharraz,Ali,ali.akharraz38@inemail.ma,1979-05-18,m,Hoceima,0689118626,2024-05-15,Instagram
C02090,Dahbi,Amina,amina.dahbi822@inemail.ma,1978-05-18,F,safi,0616094691,2021-07-02,Google Ads
C00103,Lahbabi,Houda,houda.lahbabi282@outlook.com,1969-05-20,f,Settat Ville,0632978158,2020-12-11,Referral
C01735,Bennani,Abdel,abdel.bennani675@outlook.com,1965-05-21,1,oujda ,0665078472,2024-12-19,Facebook Ads
C00464,Zizi,Meryem,meryem.zizi193@hotmail.com,1983-05-17,Femme,nador,0632114547,2020-06-06,Google Ads
C00714,Naciri,Nabil,nabil.naciri764@protonmail.com,1967-05-21,m,Casa ,0669349051,2023-05-22,TikTok
C00576,Moussaoui,Amina,amina.moussaoui455@gmail.com,1970-05-20,FEMME,Tiznit Ville,0655628196,2022-10-03,Email
C00015,Ouazzani,Driss,driss.ouazzani794@hotmail.com,1956-05-23,M,Sale Ville,0621631697,2024-10-10,Google Ads
C01645,Lahlou,Ahmed,ahmed.lahlou308@live.ma,2003-05-12,Homme,NAD,0774428388,2023-01-26,Google Ads
C00704,Moussaoui,Abdel,abdel@yahoofr,1995-05-14,HOMME,agadir,0667835429,2023-05-27,Instagram
C01397,Lahbabi,Meryem,meryem.lahbabi110@gmail.com,1967-05-21,female,Oujda Ville,0742336213,2023-10-03,Facebook Ads
C00568,Jabiri,Reda,reda.jabiri451@protonmail.com,1977-05-18,1,settat ,0677885433,2020-11-29,Instagram
C01631,Jabiri,Nadia,nadia.jabiri172@live.ma,2026-09-15,FEMME,Dar el Beida,0664634979,2021-09-19,SEO
C01020,Kadiri,Ahmed,ahmed.kadiri335@hotmail.com,1957-05-23,M,tanger,0633138191,2024-10-25,TikTok
C00275,Lahbabi,Nabil,nabil.lahbabi640@protonmail.com,1986-05-16,HOMME,Marrakech,0677631432,2023-12-25,Referral
C01011,Zizi,Mohamed,mohamed.zizi328@live.ma,1964-05-21,Homme,Safi,0682246104,2023-12-09,Instagram
C01361,Rami,Salma,salma.rami574@live.ma,1962-05-22,FEMME,settat ,0799198877,2023-10-04,SEO
C00483,Naciri,Oumaima,oumaima.naciri14@outlook.com,1985-05-16,f,Agadir,0623746292,2025-03-01,TikTok
C00718,Benali,Ali,ali.benali14@inemail.ma,2006-05-11,Homme,casa blanca,0694206105,2021-07-02,SEO
C01136,Chakir,Asmaa,asmaa.chakir866@hotmail.com,1979-05-18,FEMME,CASA,0647509920,2025-02-22,Facebook Ads
C01894,Lahbabi,Zineb,zineb.lahbabi896_protonmail.com,1988-05-15,female,CASA,0767032586,2023-08-25,Facebook Ads
C00045,Chakir,Karim,karim.chakir317@inemail.ma,1971-05-20,h,safi,0753851498,2025-02-05,Email
C01903,Lahbabi,Nadia,nadia.lahbabi315@outlook.com,2002-05-12,f,Fes Ville,0679393672,2022-01-14,Email
C01603,Lahlou,Driss,driss.lahlou773@protonmail.com,1877-09-05,HOMME,nador,0736193780,2023-10-01,Instagram
C00583,Akharraz,Houda,houda.akharraz600@inemail.ma,2006-05-11,female,Agadir,0722041357,2020-05-23,Email
C01627,El Amrani,Karim,karim.el amrani799@inemail.ma,1957-05-23,m,tanger ,0736386383,2023-03-15,Email
C00770,Lahlou,Rania,rania.lahlou479@protonmail.com,1981-05-17,f,SETT,0733214233,2021-01-30,TikTok
C02219,Bennani,Ines,ines.bennani611@inemail.ma,1992-05-14,female,SAFI,0718396069,2023-10-28,Influencer
C01531,Zizi,Youssef,youssef.zizi834@protonmail.com,1992-05-14,1,tng,0673926166,2024-02-03,Influencer
C00284,Tazi,Hassan,hassan.tazi224@inemail.ma,1978-05-18,h,AGD,0625397719,2023-08-22,Referral
C00506,Naciri,Mustapha,mustapha.naciri640@protonmail.com,1963-05-22,m,Tetouan,0719028796,2021-11-20,Influencer
C00218,Tazi,Imane,imane.tazi941@inemail.ma,1988-05-15,FEMME,Al Hoceima,0624887509,2023-12-14,Referral
C01846,Hassani,Mehdi,mehdi@inemailma,1991-05-15,HOMME,Tnja,0718155490,2023-08-09,Instagram
C00469,Tazi,Sanaa,sanaa.tazi452@yahoo.fr,1995-05-14,f,Sale,0729856736,2021-10-11,Referral
C01378,Akharraz,Sanaa,sanaa.akharraz51@gmail.com,1967-05-21,female,oujda,0734015248,2021-09-03,SEO
C00536,Jabiri,Meriem,meriem@protonmailcom,1969-05-20,f,OUJ,0638369179,2024-02-07,SEO
C02142,Zizi,Adil,adil.zizi938@protonmail.com,1960-05-22,h,Dar el Beida,0774299148,2025-03-10,Google Ads
C00940,El Amrani,Soukaina,soukaina.el amrani734@live.ma,1980-05-17,FEMME,agadir ,0787821046,2020-10-25,Facebook Ads
C00064,Hassani,Abdel,abdel.hassani379@yahoo.fr,1959-05-23,Homme,Agadir,0630881581,2024-12-14,Instagram
C01993,Dahbi,Ali,ali.dahbi433@gmail.com,1972-05-19,male,Nador Ville,0787731187,2022-06-17,TikTok
C00136,Bennani,Amina,amina.bennani35@hotmail.com,1963-05-22,F,Dar el Beida,0768916591,2020-03-31,TikTok
C01025,Naciri,Brahim,brahim.naciri533@gmail.com,1988-05-15,m,casa blanca,0783334032,2023-12-09,TikTok
C01585,Rami,Rania,rania.rami69@gmail.com,2005-05-11,Femme,casablanca,0790434851,2022-01-13,Facebook Ads
C00084,Akharraz,Youssef,youssef.akharraz242@hotmail.com,1985-05-16,Homme,KEN,0729602406,2020-07-21,Instagram
C00945,Benali,Reda,reda.benali739@live.ma,1975-05-19,M,Fez,0796416288,2020-12-14,Instagram
C01323,Lahlou,Youssef,youssef.lahlou39@gmail.com,1973-05-19,Homme,Marrakech,0779608534,2023-11-05,Influencer
C00152,Bennani,Youssef,youssef.bennani921@live.ma,2006-05-11,1,SETT,0688790652,2020-02-02,Instagram
C01644,Fassi,Reda,reda.fassi143@protonmail.com,1979-05-18,Homme,Tiznit,0792916480,2022-12-25,SEO
C00342,Ouazzani,Samir,samir.ouazzani829@yahoo.fr,2004-05-11,male,Fes Ville,0792910238,2023-07-28,Influencer
C00448,Dahbi,Said,said.dahbi626_protonmail.com,1977-05-18,male,Marrakech,0756688115,2024-08-19,Email
C01223,Fassi,Reda,reda.fassi552@outlook.com,1993-05-14,Homme,TANGER,0642412874,2023-05-27,Facebook Ads
C01914,Kadiri,Khadija,khadija.kadiri404@inemail.ma,1996-05-13,0,casa,0676720006,2021-05-16,TikTok
C01759,El Amrani,Adil,adil.el amrani802@inemail.ma,1956-05-23,h,Al Hoceima,0665604429,2023-01-08,Influencer
C01052,El Amrani,Nadia,nadia.el amrani485@hotmail.com,1880-12-30,Femme,rabat ,0769181497,2024-08-02,Instagram
C01641,Idrissi,Ahmed,ahmed.idrissi205@protonmail.com,1965-05-21,HOMME,CASA,0754137966,2020-01-30,SEO
C01346,Jabiri,Houda,houda.jabiri124_live.ma,1966-05-21,female,Tnja,0731016411,2023-05-28,Influencer
C01219,Lahlou,Sanaa,sanaa.lahlou112@gmail.com,1995-05-14,0,rabat ,0632305534,2022-06-09,Google Ads
C01586,Hassani,Said,said.hassani483@outlook.com,1968-05-20,1,Fez,0780991030,2021-09-01,Google Ads
C00663,Chakir,Mehdi,mehdi.chakir165@yahoo.fr,1959-05-23,M,tetouan,0726521948,2023-09-25,Instagram
C00927,Hassani,Rachid,rachid.hassani100@outlook.com,1963-05-22,1,SLA,0788908503,2021-08-12,Email
C00184,Lahlou,Hassan,hassan.lahlou580@inemail.ma,1987-05-16,1,Sale,0694044392,2020-04-04,Influencer
C00911,Bennani,Mustapha,mustapha.bennani879@outlook.com,1962-05-22,1,Rabat,0710663677,2024-09-27,Influencer
C01598,Lahbabi,Nabil,nabil.lahbabi930@inemail.ma,2003-05-12,male,Settat Ville,0745257940,2024-03-17,Referral
C02053,Tazi,Sanaa,sanaa.tazi842@live.ma,1956-05-23,0,Hoceima,0769151525,2024-01-21,TikTok
C00422,Naciri,Nabil,nabil.naciri39@live.ma,1985-05-16,Homme,agadir,0629070658,2023-11-15,Google Ads
C01228,Zizi,Karim,karim.zizi689@gmail.com,1976-05-18,HOMME,agadir ,0621413934,2021-06-18,Instagram
C00203,Sbai,Soukaina,soukaina.sbai543@outlook.com,2005-05-11,FEMME,CASA,0615892193,2021-07-27,TikTok
C01617,Fassi,Said,said.fassi127@hotmail.com,1886-11-26,male,tiznit ,0624181221,2024-07-08,Email
C02115,Rami,Houda,houda.rami83@gmail.com,1995-05-14,f,oujda,0723774635,2024-01-06,Referral
C02145,Kadiri,Chaimae,chaimae.kadiri939@outlook.com,1973-05-19,FEMME,fes,0660571870,2024-07-12,Influencer
C01155,Ouazzani,Nabil,nabil.ouazzani522@outlook.com,1887-05-21,M,tanger,0756563585,2021-11-15,Referral
C00172,Hassani,Rania,rania.hassani834@protonmail.com,1989-05-15,0,Sale,0652035079,2023-10-08,Facebook Ads
C00604,Hassani,Adil,adil.hassani245@hotmail.com,1956-05-23,HOMME,Sale,0734728879,2021-02-24,SEO
C02044,Lahlou,Hamza,hamza.lahlou215@yahoo.fr,2004-05-11,m,Casablanca,0640037513,2021-06-26,Influencer
C00385,Sbai,Soukaina,soukaina.sbai473@outlook.com,1969-05-20,Femme,NAD,0672220513,2025-01-24,Influencer
C00760,Zizi,Karim,karim.zizi840@protonmail.com,1987-05-16,m,Tiznit Ville,0684590103,2022-05-30,Email
C01705,Benali,Oumaima,oumaima.benali981_live.ma,1988-05-15,F,Kenitra,0724592917,2021-12-17,TikTok
C00270,Benali,Khadija,khadija.benali850@protonmail.com,1990-05-15,f,AGD,0632032560,2020-08-05,Influencer
C02185,Rami,Amine,amine.rami490@protonmail.com,2027-02-18,1,agadir ,0674491302,2023-06-02,Referral
C01725,El Amrani,Rachid,rachid.el amrani342@protonmail.com,1958-05-23,Homme,Safi Ville,0653035439,2021-01-28,Email
C02239,Idrissi,Asmaa,asmaa.idrissi535@inemail.ma,1971-05-20,female,Tnja,0748441326,2020-06-25,Email
C00011,Benali,Sanaa,sanaa.benali860@gmail.com,1993-05-14,FEMME,Marrakech,0672415804,2023-03-01,Google Ads
C01529,Moussaoui,Salma,salma.moussaoui570@inemail.ma,1977-05-18,f,Hoceima,0616263500,2021-07-08,Instagram
C02229,Sbai,Samir,samir.sbai267@gmail.com,1971-05-20,m,Hoceima,0626945764,2021-08-20,Influencer
C01546,Idrissi,Abdel,abdel.idrissi741@yahoo.fr,1997-05-13,h,Tiznit Ville,0793685072,2021-11-17,SEO
C01905,Rami,Mustapha,mustapha.rami813@gmail.com,1971-05-20,1,oujda ,0617316042,2021-07-02,Referral
C00972,El Amrani,Samir,samir.el amrani554@yahoo.fr,1988-05-15,male,Nador,0637071907,2023-09-09,Google Ads
C00445,Lahlou,Reda,reda.lahlou857@inemail.ma,2006-05-11,h,RBT,0728956482,2020-09-04,Email
C01784,Fassi,Nabil,nabil.fassi88@hotmail.com,2027-03-18,Homme,safi,0723489423,2022-04-16,Email
C01980,Hassani,Chaimae,chaimae.hassani383@gmail.com,1990-05-15,Femme,Tiznit,0640894000,2020-02-19,Instagram
C01728,Idrissi,Soukaina,soukaina.idrissi458@outlook.com,1996-05-13,0,NAD,0622165450,2021-01-04,Instagram
C00044,Rami,Sanaa,sanaa.rami853@yahoo.fr,1994-05-14,female,al hoceima ,0693334601,2023-07-27,Google Ads
C00190,Chakir,Imane,imane.chakir360@hotmail.com,2000-05-12,f,sale ,0713600310,2021-05-23,Google Ads
C01978,Ouazzani,Amina,amina.ouazzani888@outlook.com,1972-05-19,female,SETT,0710586580,2024-05-21,Instagram
C01920,Moussaoui,Zineb,zineb.moussaoui34@gmail.com,2002-05-12,F,sale,0625245600,2023-03-15,Email
C01193,Dahbi,Mustapha,mustapha.dahbi292@yahoo.fr,2003-05-12,1,tanger,0658658243,2023-05-19,Facebook Ads
C01618,Lahbabi,Youssef,youssef.lahbabi605@live.ma,2004-05-11,1,Fes,0797496479,2022-08-20,Referral
C01973,Benali,Houda,houda.benali824@yahoo.fr,1981-05-17,FEMME,tiznit ,0659499531,2022-06-30,Facebook Ads
C02082,Rami,Hassan,hassan.rami66@gmail.com,2005-05-11,Homme,MRK,0620999949,2020-10-24,Influencer
C00007,Zizi,Fatima,fatima.zizi874@inemail.ma,1961-05-22,Femme,fes ,0675529051,2025-01-12,TikTok
C00802,Kadiri,Yasmin,yasmin.kadiri159@gmail.com,1999-05-13,0,Settat Ville,0649030787,2023-04-13,TikTok
C00047,Hassani,Nadia,nadia.hassani773@outlook.com,1962-05-22,FEMME,CASA,0722120246,2024-09-28,Email
C01595,Lahlou,Mehdi,mehdi.lahlou680@live.ma,1990-05-15,HOMME,sale ,0793114754,2021-07-21,Influencer
C00849,Tazi,Meriem,meriem.tazi710@outlook.com,1982-05-17,F,al hoceima,0658626679,2022-11-01,Influencer
C00693,Lahlou,Khadija,khadija.lahlou298@yahoo.fr,1992-05-14,0,tiznit,0739187415,2023-03-10,Google Ads
C01815,Zizi,Youssef,youssef.zizi586@gmail.com,1997-05-13,Homme,kenitra ,0751284130,2021-05-17,Influencer
C00757,Chakir,Ines,ines.chakir950@live.ma,1980-05-17,female,Oujda Ville,0766457460,2023-09-29,TikTok
C00456,Benali,Houda,houda.benali754@inemail.ma,1988-05-15,Femme,al hoceima ,0687000815,2025-03-14,SEO
C02240,Lahbabi,Ali,ali.lahbabi803@live.ma,1985-05-16,h,Tetouan Ville,0679896822,2021-09-20,Instagram
C00245,El Amrani,Adil,adil.el amrani414@protonmail.com,2000-05-12,male,Nador Ville,0766178935,2021-08-28,Email
C01094,Rami,Ahmed,ahmed.rami970@yahoo.fr,1989-05-15,m,tanger,0617185727,2020-11-22,Referral
C01326,Bennani,Reda,reda.bennani659@live.ma,1962-05-22,HOMME,TANGER,0622411792,2023-09-21,Google Ads
C00996,Lahlou,Omar,omar.lahlou466@outlook.com,1960-05-22,1,Hoceima,0661204292,2021-07-11,Google Ads
C00813,Akharraz,Houda,houda.akharraz476@hotmail.com,1886-03-07,0,tetouan,0711479031,2020-09-03,Google Ads
C00999,Zizi,Rachid,rachid.zizi104@protonmail.com,1993-05-14,Homme,casa,0723954006,2022-06-07,Influencer
C02140,Lahlou,Amina,amina.lahlou260@hotmail.com,1976-05-18,F,sale,0727207018,2021-09-04,SEO
C01070,Ouazzani,Imane,imane.ouazzani23@hotmail.com,1989-05-15,Femme,Agadir,0635494128,2021-07-22,Influencer
C00306,El Amrani,Driss,driss.el amrani151@gmail.com,1997-05-13,M,Safi Ville,0698817918,2023-02-28,Google Ads
C00115,Rami,Driss,driss.rami152@inemail.ma,2006-05-11,M,nador ,0669195194,2021-01-25,Referral
C00680,Jabiri,Reda,reda.jabiri536@yahoo.fr,1976-05-18,M,HOC,0641823071,2024-08-05,SEO
C00552,Dahbi,Ali,ali.dahbi816@hotmail.com,1998-05-13,HOMME,TIZ,0699530801,2024-03-14,Influencer
C02235,Kadiri,Abdel,abdel.kadiri447@live.ma,1968-05-20,m,Kenitra,0752744749,2023-02-23,TikTok
C01066,Tazi,Mehdi,mehdi.tazi715@protonmail.com,2004-05-11,m,SLA,0758065049,2021-10-15,Influencer
C00329,Moussaoui,Houda,houda.moussaoui877@hotmail.com,1957-05-23,f,kenitra ,0633703827,2024-07-08,Email
C02035,Sbai,Houda,houda.sbai377@hotmail.com,1977-05-18,FEMME,Tetouan Ville,0737954684,2023-01-16,Referral
C01145,Jabiri,Nabil,nabil.jabiri242@gmail.com,1996-05-13,1,Tetouan,0646110491,2024-05-01,Instagram
C02200,Akharraz,Youssef,youssef.akharraz810@protonmail.com,2006-05-11,HOMME,Oujda Ville,0681001456,2023-05-08,Referral
C00409,Bennani,Oumaima,oumaima.bennani582@outlook.com,1957-05-23,F,safi ,0796492401,2022-07-22,Influencer
C01233,Rami,Ines,ines.rami572@hotmail.com,1958-05-23,F,Tiznit Ville,0626880118,2024-05-13,Facebook Ads
C02102,Chakir,Laila,laila.chakir437@protonmail.com,1987-05-16,0,Settat Ville,0723831157,2023-06-08,Google Ads
C01757,Rami,Yasmin,yasmin.rami116@yahoo.fr,1972-05-19,0,al hoceima,0790371508,2020-02-24,Instagram
C01821,Lahbabi,Imane,imane@outlookcom,1988-05-15,F,sale ,0760474195,2022-03-19,Instagram
C00887,Naciri,Abdel,abdel.naciri377@live.ma,1992-05-14,1,HOC,0689542677,2021-02-18,Instagram
C00411,Jabiri,Mehdi,mehdi.jabiri491@hotmail.com,1990-05-15,m,Casablanca,0664450250,2020-09-17,Facebook Ads
C02212,Bennani,Yasmin,yasmin.bennani500@yahoo.fr,1997-05-13,Femme,Settat,0636018096,2023-10-10,Facebook Ads
C00845,Dahbi,Rania,rania.dahbi437@yahoo.fr,1988-05-15,female,Casa ,0773174275,2022-04-15,Google Ads
C00238,Kadiri,Brahim,brahim.kadiri841@gmail.com,1998-05-13,HOMME,TIZ,0680368504,2022-04-06,SEO
C00592,El Amrani,Abdel,abdel.el amrani443@inemail.ma,1991-05-15,m,TIZ,0779425047,2022-10-11,SEO
C01385,Lahlou,Ahmed,ahmed.lahlou486@live.ma,1983-05-17,m,TNG,0636291079,2023-02-18,Facebook Ads
C00075,Hassani,Adil,adil.hassani536@live.ma,1985-05-16,m,Oujda Ville,0790246882,2024-05-05,SEO
C02094,Idrissi,Omar,omar@hotmailcom,1994-05-14,M,Al Hoceima,0637905099,2021-06-12,Google Ads
C00769,Chakir,Rania,rania.chakir31@yahoo.fr,2003-05-12,F,Safi,0774635885,2021-07-02,TikTok
C01844,Dahbi,Laila,laila.dahbi262@yahoo.fr,1997-05-13,0,TTA,0678758689,2021-06-16,Influencer
C01565,Lahlou,Soukaina,soukaina.lahlou627@inemail.ma,2002-05-12,0,Tetouan,0656094205,2021-09-22,Referral
C00876,Dahbi,Zineb,zineb.dahbi310@yahoo.fr,2002-05-12,FEMME,kenitra,0749089390,2022-08-23,Email
C00350,Moussaoui,Brahim,brahim.moussaoui808@protonmail.com,1957-05-23,M,Agadir Ville,0758072427,2020-02-13,Instagram
C01404,Chakir,Ali,ali.chakir838@yahoo.fr,1984-05-16,HOMME,TNG,0684226768,2025-02-21,Google Ads
C02181,Naciri,Khadija,khadija.naciri42@live.ma,1977-05-18,0,rabat ,0794958755,2024-08-15,Instagram
C00400,Lahlou,Zineb,zineb.lahlou214@live.ma,1957-05-23,female,kenitra,0647642707,2020-05-15,SEO
